PuzzleId,FEN,Moves,Rating,RatingDeviation,Popularity,NbPlays,Themes,GameUrl,OpeningTags
0254B,r4rk1/1pp2Bp1/pbnp2P1/4p1q1/PP2P1b1/1QPP4/R4PP1/1N2K2R b K - 0 15,f8f7 b3f7,883,86,97,514,kingsideAttack mate mateIn1 middlegame oneMove,https://lichess.org/zVXVUOZk/black#30,Italian_Game Italian_Game_Classical_Variation
05YTo,8/p5p1/2pk4/6p1/3K2P1/P1P4P/8/8 w - - 2 35,c3c4 c6c5 d4e4 d6e6,1892,78,92,2366,crushing defensiveMove endgame pawnEndgame short,https://lichess.org/fIvjwL6k#69,
05hfp,8/4N2p/5P2/6p1/6n1/5k1K/7P/8 w - - 0 51,f6f7 g4f2,1001,90,93,1173,endgame knightEndgame mate mateIn1 oneMove,https://lichess.org/nrBPESi3#101,
076KK,8/p3RNk1/6p1/1q1p1p1p/2p5/1P4P1/P4P2/R5K1 w - - 2 34,f2f4 b5c5 g1h2 c5e7,1140,83,92,706,crushing endgame fork master short,https://lichess.org/QFSkJ0bm#67,
0CgNC,8/5kp1/1p4p1/3pn1K1/6P1/1P6/P3N2P/8 w - - 0 29,e2f4 e5f3,892,84,96,1004,endgame knightEndgame mate mateIn1 oneMove,https://lichess.org/KNapX7nu#57,
0GtkR,3r3r/1k4n1/1p2p3/3pP1q1/1Q1P4/2N3pR/PP5P/5R1K w - - 0 29,h3g3 g5g3 f1f7 b7c8 f7c7 c8c7,1753,79,91,2007,crushing long middlegame pin,https://lichess.org/EbLREfUw#57,
0IbpB,8/5pp1/4rq1p/3Q2k1/4P1P1/5P2/4K3/3R4 b - - 4 44,g5g6 d5f5 f6f5 g4f5 g6f6 f5e6,1789,74,96,8064,crushing endgame fork long,https://lichess.org/1D0Do2za/black#88,
0OjwN,r4r2/ppp2pkp/2n3p1/4p1B1/4P1N1/3P2P1/PPq3P1/R4R1K b - - 2 18,c2d3 g5f6 g7g8 g4h6,940,79,97,2198,mate mateIn2 middlegame short,https://lichess.org/LYl7dwUw/black#36,Kings_Gambit Kings_Gambit_Other_variations
0QLnW,r2r2k1/ppR3p1/4pp1p/q3P2Q/8/6PP/P4P2/2R3K1 b - - 1 23,a5e5 h5f7 g8h8 f7g7,984,79,100,709,endgame mate mateIn2 short,https://lichess.org/x5gOdk69/black#46,
0VxjB,2krr3/bpp2pp1/p6p/4P2P/P1R1NP2/5N2/1PK1nPP1/7R b - - 2 19,e2f4 e4d6 d8d6 e5d6,1127,78,94,3606,crushing master middlegame pin queensideAttack short,https://lichess.org/88BngkbQ/black#38,Queens_Gambit_Accepted Queens_Gambit_Accepted_Other_variations
0WZdh,r3k2r/pR2ppb1/3p1Bpp/8/4P3/2q5/P3QPP1/5RK1 b kq - 0 20,c3f6 e2b5 e8f8 b7b8 a8b8 b5b8,921,84,96,2512,backRankMate long master mate mateIn3 middlegame,https://lichess.org/Iwh0aTvh/black#40,
0bIXT,2r5/1pr2k1p/p1n1Rpp1/P1B1p3/1P4P1/2P5/3RBP1P/6K1 b - - 0 26,f7e6 e2c4,1554,78,100,1436,endgame mate mateIn1 oneMove,https://lichess.org/ugIrfFTm/black#52,
0cH1W,2k5/ppp5/8/2P5/3P2q1/B1P1pp2/P3R1PP/R4K2 w - - 0 26,g2f3 g4f3 f1g1 f3e2,968,82,95,2880,crushing deflection endgame short,https://lichess.org/2VYGf3F6#51,
0cWp4,3r2k1/5p2/3q4/1B1Pb1p1/P3Pp1p/5P2/6P1/3RQ1K1 w - - 0 44,a4a5 d6c5 g1h2 c5b5,982,81,96,2412,advantage endgame fork short,https://lichess.org/IirAPQXL#87,
0hB8w,8/3K3p/2P3p1/8/6PP/8/k7/1r6 b - - 0 48,b1b8 c6c7 b8b4 c7c8q,843,79,100,764,advancedPawn crushing endgame promotion rookEndgame short,https://lichess.org/RKa8TCRR/black#96,
0s4q6,4r1k1/2q2p1p/p5p1/1p1R3r/4p3/1B3QP1/PPP2P2/1R3K2 w - - 0 27,f3e3 h5h1 f1g2 h1b1,874,77,97,2914,advantage middlegame short skewer,https://lichess.org/l08Z3ORa#53,
0y9HQ,8/p3R3/1p6/8/1P1p2r1/3P1k1p/7K/8 b - - 4 51,g4g3 e7f7 f3e2 h2g3,930,79,96,2326,advantage deflection endgame rookEndgame short,https://lichess.org/zZfzIo4a/black#102,
0yr4O,2r3k1/ppr2pp1/7p/5p2/1q1P4/1Pn1PN2/P1RQ1PPP/2R3K1 w - - 9 21,f3e5 c3e2 d2e2 c7c2 c1c2 c8c2,973,80,95,2279,crushing discoveredAttack long middlegame,https://lichess.org/nMjJ4evB#41,
109PD,8/p1r5/2P2k1p/1P3pp1/P3p3/7P/6P1/3R2K1 w - - 3 35,d1d7 c7d7 c6d7 f6e7,1167,79,94,643,advantage endgame rookEndgame short,https://lichess.org/FUvQC9kW#69,
19P3o,6k1/p3bpp1/2p4p/2Pp1n2/P2PpPn1/4P2P/2Q3P1/1NB1qNK1 w - - 3 28,h3g4 f5g3 c2f2 g3e2 f2e2 e1e2,1956,75,95,1026,crushing fork long middlegame,https://lichess.org/kKuvIIpp#55,
1J3f9,8/5Q2/p3p1pk/8/1P1P4/P6p/8/5KBq w - - 1 48,f1f2 h1g2 f2e3 g2g1,984,80,96,5092,crushing deflection endgame short,https://lichess.org/4VQhBJ3m#95,
1KFUd,r1bqkb1r/pppp2pp/1nn1pp2/1B2P3/3P3N/8/PPP2PPP/RNBQK2R b KQkq - 1 7,f6e5 d1h5 g7g6 h4g6,974,78,98,680,crushing opening short,https://lichess.org/GHG35PKY/black#14,Alekhine_Defense Alekhine_Defense_Other_variations
1KOz4,8/B1R5/5ppk/2Nb4/2n2p1P/2PK4/P1P3r1/8 w - - 11 41,c5d7 g2d2,1304,78,96,4930,endgame master mate mateIn1 oneMove pillsburysMate,https://lichess.org/avFvKaAA#81,
1Krzl,2r1Rk2/1bq3b1/p1n2NQ1/1p1p4/2nN3P/P7/1P3PP1/2B3K1 b - - 6 29,c8e8 g6e8,1305,79,91,1256,mate mateIn1 middlegame oneMove,https://lichess.org/3teJC6en/black#58,
1RJGX,rnbq1kBr/ppppb1pp/8/8/4P3/1Q6/PPp2PPP/RNB1K1NR b KQ - 0 7,c2b1q b3f7,772,84,99,2388,mate mateIn1 oneMove opening,https://lichess.org/QivSVfQ0/black#14,Danish_Gambit Danish_Gambit_Other_variations
1TWCS,1q1r2k1/5ppp/2b2n2/Q7/1pBB4/5P2/1PP3PP/3R2K1 w - - 1 26,a5b6 b8b6 d4b6 d8d1,1173,83,93,9664,crushing middlegame short,https://lichess.org/hiq9OUiZ#51,
1ZEkK,6k1/4p2p/3p2p1/p1pPr3/P1P1B3/4q2P/6P1/1Q3R1K b - - 0 34,e3e4 b1b8 g8g7 b8f8,1024,76,100,881,endgame mate mateIn2 short,https://lichess.org/CDAlUXf3/black#68,
1dgwv,r1bqkb1r/pp3p2/2np1p1p/3Np3/4P3/3B1N2/1BPP1PPP/3QR1K1 b kq - 3 15,c6e7 d5f6,1393,77,100,1134,mate mateIn1 middlegame oneMove,https://lichess.org/JhyMl4PF/black#30,Sicilian_Defense Sicilian_Defense_Wing_Gambit
1fTTl,2rq1rk1/1p1nbppp/p2p1n2/4p3/1N2P3/1PN1BP2/P2Q2PP/2R2RK1 b - - 6 15,d8a5 c3d5 f6d5 b4d5 a5d2 d5e7 g8h8 e3d2,2149,87,90,1425,crushing fork middlegame sacrifice veryLong,https://lichess.org/NzjzhLvB/black#30,Sicilian_Defense Sicilian_Defense_Prins_Variation
1fshI,rr4k1/3n2pp/4p3/3p1p2/1q1P4/pP2P3/Q1R1BPPP/2R3K1 b - - 0 24,b4b3 c2c8 b8c8 c1c8 a8c8 a2b3,1707,75,100,1141,advantage long middlegame,https://lichess.org/Y92NLuHY/black#48,
1gXZi,5rk1/2p2p2/p1p2p1p/8/8/1P5P/P1q1NPPK/R3R3 b - - 1 22,f8e8 e2d4 c2d2 e1e8,1061,81,95,2254,advantage discoveredAttack endgame short,https://lichess.org/ZmGH9ENu/black#44,
1hxFT,rqb2r1k/5p1p/3Np3/8/3nP2P/P4B2/1PP5/2KR2R1 b - - 0 24,d4f3 d6f7 f8f7 d1d8 f7f8 d8f8,1151,78,95,1563,clearance long mate mateIn3 middlegame sacrifice,https://lichess.org/bG3GBc1y/black#48,
1iwWh,4B3/3Pk1K1/3r4/7P/8/8/8/8 b - - 0 57,d6d5 h5h6 d5g5 e8g6 g5g1 h6h7,1723,75,95,13778,advancedPawn crushing defensiveMove endgame long,https://lichess.org/U5sjHdD1/black#114,
1jeNI,4r2k/5qb1/pp6/2pb1pQ1/P2p3P/NPnP4/2PB1PP1/5RK1 b - - 8 33,f7f6 g5h5 h8g8 h5e8,903,80,100,815,advantage fork middlegame short,https://lichess.org/5RZajCxz/black#66,
1kQ1V,r3k2r/1pqbbppp/p2p1n2/2p1p3/2P1N3/PP1QPP2/1B1PN1PP/R4RK1 b kq - 1 13,d7f5 e4f6 e7f6 d3f5,1028,80,90,1148,crushing discoveredAttack middlegame short,https://lichess.org/lvJJ8rrR/black#26,Vant_Kruijs_Opening Vant_Kruijs_Opening_Other_variations
1m9L1,5rk1/R4pbp/4p1p1/4N3/2PN1Pn1/3P2P1/5K1P/8 w - - 1 26,e5g4 g7d4 f2e2 d4a7,983,76,100,598,advantage endgame fork hangingPiece short,https://lichess.org/VwRpa8fk#51,
1mjNY,4r3/5p1k/p2q2rp/1pb2B1Q/2b2P1R/2P3P1/P1K4P/R7 b - - 4 34,e8e3 h5h6 h7g8 h6h8,1620,76,97,1760,mate mateIn2 middlegame pin short,https://lichess.org/EwrVaj7x/black#68,
1qfek,8/8/p1k5/1p6/5pRr/2P2P2/1P4K1/8 b - - 1 48,h4g4 f3g4 c6d5 g2f3 d5e5 b2b4,2186,87,91,909,crushing defensiveMove endgame long zugzwang,https://lichess.org/O3CuAwNm/black#96,
20Ozl,8/3k4/5p1p/1pK1pP2/pP4P1/P7/8/8 b - - 6 68,d7c7 c5b5 e5e4 b5c4,1336,79,93,583,crushing defensiveMove endgame pawnEndgame short,https://lichess.org/0tX5YO6J/black#136,
20mjJ,1r6/4kpp1/R3p1bp/1n1pN3/1P2N3/5P1P/5KP1/8 b - - 1 36,b5d4 a6a7 e7e8 e4d6,1699,75,94,612,advantage endgame master short,https://lichess.org/lkl5xWC2/black#72,
23cA0,8/5pk1/Q5p1/1p2P2p/2pPr2P/2P2qP1/6RK/8 b - - 4 46,e4e2 a6f6 f3f6 e5f6 g7f6 g2e2,1041,78,93,704,crushing endgame long,https://lichess.org/nuryQPI3/black#92,
24Zuk,r1b1k2r/ppp2ppp/2pq4/2b5/3P2n1/2P5/PP2BPPP/RNBQ1RK1 w kq - 1 10,d4c5 d6h2,760,85,98,1011,kingsideAttack mate mateIn1 oneMove opening,https://lichess.org/ZJkJPGaz#19,Russian_Game Russian_Game_Stafford_Gambit
2Aow9,b2k3r/4bpp1/p3p3/1p5n/2r1P3/P3pPPp/NPP4P/3BQRK1 w - - 0 24,e1e3 e7c5 e3c5 c4c5,1000,76,98,753,advantage middlegame pin short,https://lichess.org/9tMtjfhz#47,
2Cfz3,2kr4/2p5/1p1n1R2/2n5/p7/P1P5/1K1NR2P/8 w - - 10 39,f6f4 c5d3 b2c2 d3f4,892,77,100,684,advantage endgame fork short,https://lichess.org/Xdu3ATIR#77,
2I3Vp,r3k2r/p1p2ppp/2P5/2b1p3/R1B1P3/4P3/1P4PP/4K2R w Kkq - 1 19,a4a5 c5b4 e1e2 b4a5,842,85,97,875,crushing endgame fork short,https://lichess.org/kPqMrTFM#37,Queens_Pawn_Game Queens_Pawn_Game_Chigorin_Variation
2IZuC,1b1qk2r/5r2/pp2Q2p/2p5/PnP5/5P2/1P3P2/R1B1R1K1 b k - 0 25,f7e7 e6g6 e8d7 e1d1 d7c8 d1d8,1635,75,100,1251,advantage exposedKing long middlegame skewer,https://lichess.org/uyW45cuu/black#50,
2JJVw,8/5Qpk/p6p/2pPr3/P5n1/2N1qBK1/1P4P1/R6n w - - 5 32,g3g4 e3g5 g4h3 g5g3,1912,75,96,2329,mate mateIn2 middlegame short,https://lichess.org/oPzNAu79#63,
2K1tA,8/5k2/P1p4n/2b5/8/7K/2R5/8 b - - 1 44,c5a7 c2c6 a7e3 c6h6,1813,76,94,9652,crushing endgame master short,https://lichess.org/xKpQ0ZyF/black#88,
2K6WP,5rk1/8/pn2p3/1p1pP1p1/2pP1rP1/2P1R2q/P1P1Q3/2K2R2 w - - 0 37,f1f4 h3h1 e2f1 h1f1 f4f1 f8f1,1372,78,94,1129,advantage endgame long xRayAttack,https://lichess.org/xMvZzDYI#73,
2NnIB,2kr3r/1ppqp1b1/1P3p2/4n1pp/8/2NPB1P1/2P2PbP/RQ3RK1 b - - 0 18,c7b6 a1a8 c8c7 b1b6,1638,76,97,5939,intermezzo mate mateIn2 middlegame queensideAttack short,https://lichess.org/z0MYMjOf/black#36,Scandinavian_Defense Scandinavian_Defense_Modern_Variation
2Q92U,r2r4/p3kppp/bb2p3/3pq3/1P6/P1N3N1/5PPP/2RQR1K1 b - - 3 18,e5d6 g3f5 e7f8 f5d6,1172,77,98,4117,crushing middlegame pin short,https://lichess.org/q5BC7ZF9/black#36,French_Defense French_Defense_Advance_Variation
2U9Tn,8/7P/4R2q/1k1pPpp1/b2P3B/6PK/1r6/8 w - - 1 53,e6h6 g5g4,862,90,96,2216,endgame mate mateIn1 oneMove,https://lichess.org/UR9dPebK#105,
2XRQi,8/6p1/5k1p/2p2P2/1pPbK1P1/1N5P/8/8 b - - 2 37,f6g5 b3d4 c5d4 e4d4,1197,78,93,3185,crushing endgame short,https://lichess.org/9FR9SM1b/black#74,
2Ye7m,8/8/4k3/1p2p2p/pP2K1pP/P5P1/5P2/8 w - - 2 40,f2f3 g4f3 e4f3 e6f5 g3g4 h5g4,1298,74,100,521,crushing endgame long pawnEndgame,https://lichess.org/Cpc2MtAD#79,
2c2qL,5rk1/6b1/p2BRp1p/1p3PpP/8/1P6/2r5/5RK1 b - - 0 36,c2c6 d6f8 c6e6 f5e6,1555,77,94,2771,advantage endgame short,https://lichess.org/uc7bRhbH/black#72,
2fIdQ,8/6bp/4k1P1/4P2K/8/6B1/8/8 b - - 0 58,g7e5 g6h7 e5g3 h7h8q,1834,75,95,3240,advancedPawn bishopEndgame crushing endgame master promotion short,https://lichess.org/15KTcusZ/black#116,
2jUsM,8/8/8/p1K5/8/1pp5/7R/1k6 w - - 8 59,c5c4 c3c2 h2h1 b1b2 h1e1 a5a4,1915,75,95,7803,advancedPawn crushing defensiveMove endgame long master rookEndgame,https://lichess.org/36p3Fr7N#117,
2kKhR,r5k1/1p4p1/p2R2Np/6p1/8/5b1P/PPP2r2/2K1R3 b - - 2 25,a8c8 g6e7 g8h7 e7c8,847,82,100,857,advantage endgame fork short,https://lichess.org/Kahbshen/black#50,
2pz2s,8/pQ1p3p/4p3/1k5r/3q4/8/PP5P/2R2K2 b - - 6 46,b5a5 b2b4 a5a4 b7a6 a4b4 c1b1,2158,78,90,1302,crushing endgame long,https://lichess.org/2iSBvGJg/black#92,
2qZKT,8/1b6/p3k3/1p6/1P2PPpp/P7/7K/7B w - - 1 47,e4e5 g4g3 h2g1 b7h1,1805,75,96,1901,bishopEndgame crushing endgame short,https://lichess.org/B7snWImv#93,
2riHo,r5k1/p5pp/4b3/3n1pN1/Q7/2qP2P1/4PP1P/1R4K1 b - - 1 25,c3f6 a4c6 a8c8 c6e6 f6e6 g5e6,1842,76,93,3304,advantage fork long middlegame,https://lichess.org/VaqJX4px/black#50,
2sLTB,5k2/p5p1/1q5p/3P4/3KQ3/8/6PP/8 w - - 5 36,d4e5 b6f6,885,78,100,504,dovetailMate endgame master mate mateIn1 oneMove queenEndgame,https://lichess.org/MpbGBBNG#71,
2t5kS,r2r2k1/ppq2p1p/4p1p1/8/8/2bRQ3/PPP2PPP/3R2K1 w - - 0 18,d3d8 a8d8 d1d8 c7d8,935,83,93,1032,crushing endgame short,https://lichess.org/cQ4r6NtH#35,Sicilian_Defense Sicilian_Defense_Canal_Attack
2uULz,3r2k1/ppp1qppp/2n2b2/3R4/4Pp2/2PQ1N1P/PPB2PP1/6K1 b - - 1 24,d8d5 e4d5 g7g6 d5c6,1324,75,92,1544,advantage middlegame short,https://lichess.org/0XWhMhBn/black#48,
2wVqQ,2r3k1/5p2/p4Ppp/1p1P4/5B2/P3R3/q1r5/3Q2RK w - - 0 30,f4h6 c2h2,789,76,99,793,mate mateIn1 middlegame oneMove,https://lichess.org/EoDJ9OF4#59,
33MUd,r1bqr1k1/1p2bp1p/3p1R1Q/p1p3N1/P3P3/3P4/1PP3PP/R5K1 b - - 0 17,e7f6 h6h7 g8f8 h7f7,1017,78,93,1828,kingsideAttack mate mateIn2 middlegame short,https://lichess.org/6MFpi7YM/black#34,Sicilian_Defense Sicilian_Defense_Old_Sicilian
3EYRj,4k1r1/1p3ppp/pq2p3/B7/3N1P2/bP1bPQ2/P5PP/2r1R1K1 w - - 0 26,a5b6 c1e1 g1f2 e1f1 f2g3 f1f3,1192,76,94,6435,advantage hangingPiece kingsideAttack long middlegame skewer,https://lichess.org/xkOQk6g0#51,
3FscM,rn3rk1/1b1qbppp/p7/1ppNP3/2p5/P5P1/1P3PBP/R2QNRK1 b - - 0 15,b8c6 d5f6 e7f6 d1d7,1574,74,93,1159,advantage discoveredAttack middlegame short,https://lichess.org/AUO0el2F/black#30,Queens_Gambit_Declined Queens_Gambit_Declined_Other_variations
3Kvwe,8/pp1Q1p2/k2p4/2pP4/2P5/1P4PB/q6P/4b2K b - - 3 36,a2b1 d7b5,1302,79,94,2067,endgame mate mateIn1 oneMove,https://lichess.org/TuNtYBgq/black#72,
3M9N2,r1q2rk1/3bb3/4p2p/p4pp1/2P5/4B1Q1/PP2BPPP/R2R2K1 w - - 0 19,h2h4 f5f4 e3f4 f8f4,1338,79,91,4867,advantage fork middlegame short,https://lichess.org/9oIxAbBW#37,Sicilian_Defense Sicilian_Defense_Bucker_Variation
3OmQd,r5k1/1p2rppp/1p1p1b2/3P4/p1PN2n1/1P5P/P4PP1/2R1RK2 w - - 0 24,h3g4 e7e1 c1e1 f6d4,1306,81,94,9898,crushing endgame short,https://lichess.org/2lWkZGfD#47,
3P3cI,q7/7p/3p2pk/8/5P2/2PQ2P1/2P3K1/8 w - - 2 35,g2h3 a8h1 h3g4 h1h5,985,81,97,2798,endgame mate mateIn2 queenEndgame short,https://lichess.org/YwLvAxkT#69,
3QsHD,8/6kp/5bp1/3Qr3/2PpP2q/1P1P3P/5PK1/2B2R2 w - - 3 32,d5d4 e5g5 c1g5 h4g5,1280,78,94,2165,crushing endgame sacrifice short,https://lichess.org/ekoamdpX#63,
3RcA8,r1b1r1k1/1pqn1pbp/p2p1Bp1/8/3PN3/1PP2N2/1P3PPP/R2QR1K1 b - - 2 16,d7f6 e4f6 g7f6 e1e8,701,89,99,1115,advantage discoveredAttack kingsideAttack opening short,https://lichess.org/ijoT1UXT/black#32,Alekhine_Defense Alekhine_Defense_Modern_Variation
3ZP67,8/8/5kBp/7P/4PPK1/1r6/8/8 b - - 2 47,b3b1 e4e5 f6e7 g6b1,920,78,98,1048,crushing discoveredAttack endgame master short,https://lichess.org/ZLPwtGnG/black#94,
3eoDL,1r3r2/6pk/pq5p/2p1Qpb1/2P5/P6P/1BR2PP1/1R4K1 b - - 0 27,b8e8 e5g7,756,77,100,523,mate mateIn1 middlegame oneMove,https://lichess.org/jAHfnudC/black#54,
3iNqA,8/8/5k2/7p/1n3Bp1/3P1bP1/3KN3/8 w - - 3 49,d2e3 b4d5 e3d2 f3e2,1814,76,93,3274,crushing endgame short,https://lichess.org/nQSrrADw#97,
3mHC3,r3r2k/4qp1p/4pp2/p2R4/P1p3Q1/8/P1P2PPP/4R1K1 w - - 2 22,g4c4 e6d5 e1e7 d5c4,1365,80,94,17958,crushing endgame short,https://lichess.org/1n5ZIgrH#43,
3oWTr,4nr1k/pp3Npp/4Q3/q4p2/2P5/P7/1P3PPP/3r1RK1 b - - 2 21,f8f7 e6e8 f7f8 e8f8,918,82,92,733,endgame fork hangingPiece mate mateIn2 short,https://lichess.org/JwWhVRTz/black#42,
3vZp6,r1bqk2r/pp1pnppp/4p3/1B2P3/3nQ3/2P5/P1P2PPP/R1B1K2R w KQkq - 0 11,c3d4 d8a5 c1d2 a5b5,942,85,96,2388,advantage fork middlegame short,https://lichess.org/Y0p8i9zO#21,Sicilian_Defense Sicilian_Defense_Closed
42AF8,r4k2/3R1p2/p3p1np/1p2P1pN/1q6/1P3P2/1PQ2P1P/6K1 w - - 3 27,c2c7 b4e1 g1g2 g6h4 g2h3 e1f1 h3g4 f1g2 h5g3 g2f3,1789,75,98,2231,crushing endgame kingsideAttack veryLong,https://lichess.org/nO78zWQ1#53,
44Z3b,r6k/6bp/2p3p1/q4p2/4pP2/1BPrB1P1/b1Q4P/R3R1K1 b - - 2 27,a2b3 a1a5 b3c2 a5a8,1370,75,100,571,advantage master middlegame short,https://lichess.org/3Ugonqpj/black#54,
48KBR,r1b2rk1/2q2ppp/p3p2n/1p1p4/8/2PB3Q/P1P2PPP/3RR1K1 b - - 0 21,c7c3 d3h7 g8h7 h3c3,860,78,97,4147,advantage discoveredAttack middlegame short,https://lichess.org/Y83ArIlS/black#42,
49sgc,2r5/4ppk1/3p2p1/3P4/R7/1Pp2P2/2P3P1/2K5 w - - 2 31,a4c4 c8c4 b3c4 g7f6 c1d1 f6e5,1253,82,91,1770,crushing endgame long rookEndgame,https://lichess.org/uOzSONqR#61,
4DT0Q,8/4k3/4N2R/6p1/4r1P1/2b2p2/5P2/6K1 w - - 2 42,e6g5 e4e1 g1h2 c3e5 h2h3 e1h1,931,81,98,1793,endgame long mate mateIn3 pillsburysMate,https://lichess.org/rVcII3ie#83,
4FBCN,rn1qr3/1bp1npk1/1p2p1p1/p6p/P3N2P/1B1P1N2/1PPQ1PP1/2KR3R b - - 0 14,b7e4 d2c3 f7f6 d3e4,1679,76,92,1864,advantage intermezzo master middlegame short,https://lichess.org/aHuf0So4/black#28,Zukertort_Opening Zukertort_Opening_Kingside_Fianchetto
4I6rp,r4rk1/q1P4p/b3Q3/3Pp3/4P3/4bPp1/4n1Pp/R4R1K b - - 1 35,f8f7 a1a6 a7a6 e6a6 a8a6 c7c8q g8g7 c8a6,1864,78,95,16655,advancedPawn attraction crushing fork middlegame pin promotion veryLong,https://lichess.org/EnYzSwdY/black#70,
4L1pD,8/1p1k3p/p3R1pn/8/2B5/7P/PbP3P1/6K1 w - - 1 25,e6b6 b2d4 g1f1 d4b6,800,86,93,787,advantage endgame fork short,https://lichess.org/a5s4to8G#49,
4LI1d,1rb1k1nr/ppN1ppbp/6p1/4n3/5B2/8/PP3PPP/3RKBNR b Kk - 3 11,e8f8 d1d8,936,77,100,689,backRankMate mate mateIn1 oneMove opening,https://lichess.org/rk9cearN/black#22,Sicilian_Defense Sicilian_Defense_Alapin_Variation
4RGNy,8/3r2kn/2QP1rp1/2p1p1qp/2P1P3/7P/PP2R1P1/3R2K1 b - - 2 31,d7d6 d1d6 g5c1 g1h2 c1f4 g2g3,1534,77,94,5108,crushing long middlegame,https://lichess.org/d9mJwg0W/black#62,
4Rrex,r1bq1bkr/1ppn4/5p1p/p3N3/4P1Q1/2N5/PPP2PPP/R3K2R b KQ - 1 11,g8h7 g4g6,896,80,97,1070,mate mateIn1 middlegame oneMove,https://lichess.org/zMnGWqHF/black#22,Ware_Defense Ware_Defense_Other_variations
4SK2w,8/p2r2p1/1p3p1p/2k4P/6P1/P1K1R3/1PP5/8 b - - 5 43,d7d4 b2b4 c5d5 e3d3 d4d3 c3d3,1829,78,93,547,advantage endgame long pin rookEndgame,https://lichess.org/1A6SaEIU/black#86,
4UsE3,8/8/2p5/1p1rp3/4K3/2P3RP/1k3P2/8 w - - 2 50,g3d3 d5d3 e4d3 c6c5,2312,77,91,744,crushing defensiveMove endgame rookEndgame short,https://lichess.org/8lhOdVWi#99,
4cbl3,1r4k1/p1Q2ppp/2P5/3p4/1r1Pp3/3bP1P1/3B1q1P/2KR3R w - - 0 23,d2b4 f2c2,877,81,91,522,mate mateIn1 middlegame oneMove,https://lichess.org/N52oGs46#45,
4fnpG,1k1r1b1r/Bpp3pp/4Qp2/q7/8/2P3N1/PP3PP1/2KR1B2 b - - 0 18,a5a7 d1d8,812,78,100,1055,backRankMate hangingPiece mate mateIn1 middlegame oneMove,https://lichess.org/FNRlvvQR/black#36,Scandinavian_Defense Scandinavian_Defense_Lasker_Variation
4kJj6,8/4k2q/4p3/7K/7P/6Q1/5P2/8 w - - 3 68,h5g4 h7f5,1357,76,98,4541,dovetailMate endgame mate mateIn1 oneMove queenEndgame,https://lichess.org/FWij7g1f#135,
4mRDN,r1b1k2r/p1q3pp/3bpp2/3p4/3Q1P2/2PN4/PP4PP/R1B2RK1 b kq - 0 14,c8a6 d4a4 e8f7 a4a6,1272,75,94,6816,advantage fork middlegame short,https://lichess.org/l85inAD3/black#28,Sicilian_Defense Sicilian_Defense_Closed
4pEpr,3r1rk1/ppp2ppp/1nq1p3/5b2/2BP4/P4P2/1PPBQ1PP/2KR3R w - - 3 16,c4b5 c6c2,579,88,100,663,master mate mateIn1 middlegame oneMove queensideAttack,https://lichess.org/tmS56kqY#31,Scandinavian_Defense Scandinavian_Defense_Classical_Variation
4s0td,2r3k1/1p2bppp/1P2p3/Q2pP3/2qP2P1/4B3/5P1P/1R4K1 b - - 1 32,c4c2 b1c1 c2c1 e3c1 c8c1 g1g2,1147,81,94,1417,advantage endgame long,https://lichess.org/QYow9DGb/black#64,
4sBkv,rn2kb1r/pP3ppp/5q2/4p3/2B2nb1/2NP1N2/PPP3PP/R1B1K2R b KQkq - 0 11,f6c6 c4b5 g4d7 b5c6,2017,79,94,9737,advantage middlegame pin short,https://lichess.org/onrX90zr/black#22,Vienna_Game Vienna_Game_Omaha_Gambit
4t3o2,8/8/p7/8/P2pk1K1/8/2P5/8 w - - 0 52,g4g3 e4e3 g3g4 e3d2 g4f3 d2c2,1343,80,92,1188,crushing endgame long pawnEndgame,https://lichess.org/Qy9F9197#103,
53a85,4r1k1/p1P1P2p/1p2K1p1/1b3p2/8/8/8/4R3 b - - 1 41,f5f4 e1d1 g8g7 d1d8 e8e7 e6e7,1706,75,94,4648,advantage endgame long quietMove,https://lichess.org/Kc7zEBHW/black#82,
59biF,r5k1/1ppq2pn/p3p2p/3pP3/7b/3B1Q1P/PPP2PP1/R1B3K1 b - - 0 17,a8f8 d3h7 g8h7 f3f8,1003,76,98,2066,crushing kingsideAttack middlegame short,https://lichess.org/KYXcuZJk/black#34,Scandinavian_Defense Scandinavian_Defense_Other_variations
5a60K,r2r1k2/1p1bNpp1/4pn1p/p7/P6B/1qP5/1P2QPPP/R3R1K1 w - - 1 20,h4f6 g7f6 e7f5 e6f5,1174,80,93,4598,crushing master middlegame short trappedPiece,https://lichess.org/cuSXxbQa#39,
5dWJE,r2r2k1/pp5p/4bppP/2pq4/2B5/1PQ1PP2/P2P4/R3K2R b KQ - 0 20,d5f5 e3e4 f5e5 c3e5 f6e5 c4e6,1605,73,96,12801,capturingDefender crushing kingsideAttack long middlegame,https://lichess.org/UOrEmMiO/black#40,
5ic85,2kr4/pp1b3p/2p1p3/2Pp4/3Pp1q1/1P2P3/PB1KB2Q/R5r1 b - - 3 31,g4g2 h2g1 g2g1 a1g1,1505,77,91,1151,advantage middlegame short,https://lichess.org/SyZqATbu/black#62,
5kE3i,3r1k1b/5p2/8/2B3Q1/7P/3p4/P4PKP/3q4 b - - 1 36,f8e8 g5e7,995,80,100,1148,endgame mate mateIn1 oneMove,https://lichess.org/pyOzwN5f/black#72,
5pR4K,6k1/1pp3p1/p1n1R2p/1r1q4/1P1P2P1/2PK4/P3Q2P/8 b - - 2 33,d5g5 e6e8 g8h7 e2e4 g5g6 e8h8 h7h8 e4g6,1217,75,100,1496,advantage deflection endgame veryLong,https://lichess.org/labMDKTV/black#66,
5rc3D,r1bq1rk1/ppp3pp/2n5/5pN1/3Pp3/2P5/PB3PPP/R2Q1RK1 b - - 1 13,h7h6 d1b3 g8h8 g5f7 f8f7 b3f7,1497,76,95,6324,advantage fork long middlegame,https://lichess.org/2O2tlhwY/black#26,Italian_Game Italian_Game_Classical_Variation
5uWbw,r3r1k1/pp3pp1/2ppb2p/4p3/3PP1n1/1BP3R1/P1PB1PPP/R5K1 b - - 7 16,g8f8 b3e6 e8e6 g3g4,1070,78,96,1317,capturingDefender crushing middlegame short,https://lichess.org/XQz6Ks7A/black#32,Ruy_Lopez Ruy_Lopez_Bird_Variation
6136J,r2qk1nr/ppp3pp/5p2/8/1b1pb2B/8/PP1NQPPP/R3KB1R b KQkq - 1 11,b4d2 e1d2 d8e7 a1e1,2057,77,92,11041,advantage defensiveMove opening pin short,https://lichess.org/fJfwdmX2/black#22,Scotch_Game Scotch_Game_Other_variations
61zQs,5kr1/1pr3p1/p2NpR2/3p2Q1/P2P4/4PPP1/1q4P1/2q1RK2 b - - 0 33,g7f6 g5f6 c7f7 f6f7,1115,79,91,690,mate mateIn2 middlegame short,https://lichess.org/JfOnAk8y/black#66,
6879o,6k1/5pp1/p3p2p/2Qb4/1P1N4/P4P1P/q5PK/8 w - - 5 38,d4c6 d5f3 c6e7 g8h7,1449,77,95,6980,crushing defensiveMove endgame pin short,https://lichess.org/iTLNxVyO#75,
68XPV,3r2k1/8/3q4/4p2Q/8/7P/6P1/5R1K w - - 3 38,f1f7 d6d1 h5d1 d8d1 h1h2 g8f7,1083,76,97,2983,crushing endgame long,https://lichess.org/3sX03awJ#75,
6C9KD,r3rn2/1bp2pk1/1p3qp1/p3pP2/6pP/2N3N1/PPP2Q2/2KR2R1 b - - 0 22,b7f3 f2f3 g4f3 g3h5 g7h6 h5f6,2126,76,94,781,advantage long middlegame pin sacrifice,https://lichess.org/N4UepG6o/black#44,
6DVK0,8/p7/1p5r/3K2kP/P7/8/8/7R b - - 0 36,h6h5 h1h5 g5h5 d5c6 h5g5 c6b7 a7a5 b7b6 g5f5 b6a5,1133,85,93,1969,crushing endgame rookEndgame veryLong,https://lichess.org/XQLJj5wj/black#72,
6G2Ef,r1b4r/3pkp1p/p2Npp2/1pqBn3/4P3/1Q6/PPP3PP/2KR1R2 b - - 1 19,e6d5 d1d5 c5d6 d5d6,1653,76,90,2949,advantage middlegame short,https://lichess.org/9NMUAKfg/black#38,Sicilian_Defense Sicilian_Defense_Four_Knights_Variation
6IG2Y,r3k1nr/pppnq1bp/3pp3/1N4p1/3PPp2/5N1P/PPP3P1/R1BQ1RK1 b kq - 4 10,c7c6 b5c7 e8d8 c7a8,821,84,98,550,advantage fork middlegame short,https://lichess.org/q0euwa4z/black#20,Kings_Gambit_Accepted Kings_Gambit_Accepted_Kings_Knights_Gambit
6Iq8P,2r4k/7p/3Qbpp1/4p3/7n/2R2P1P/3N2PK/3q4 b - - 1 39,c8c3 d6f8 e6g8 f8f6,1192,77,94,5850,endgame mate mateIn2 short,https://lichess.org/ssRDiqxU/black#78,
6K0mK,3r2k1/4b1pp/1n1rbp2/pBp1p3/P3P1P1/1pP1BP1P/1P1N4/R1K1R3 w - - 5 27,e3c5 d6d2 c5e7 d2c2,1187,78,92,621,crushing master middlegame queensideAttack short,https://lichess.org/8JUb8Unw#53,
6Mv6V,1r2k2r/p2N1ppp/2pp4/8/1q2P3/1PbQP2P/P1P3P1/2KRR3 w k - 0 17,d7b8 b4a3 c1b1 a3b2,944,77,98,3676,mate mateIn2 middlegame queensideAttack short,https://lichess.org/CU0xPHbo#33,Sicilian_Defense Sicilian_Defense_Chekhover_Variation
6Pdqx,6k1/1K4p1/5p2/7p/6P1/2B4P/p7/8 w - - 0 54,g4h5 f6f5 b7c6 f5f4,1342,79,93,2589,bishopEndgame crushing defensiveMove endgame quietMove short,https://lichess.org/F0jCvP5h#107,
6Q6WE,1r1k4/2p5/Q3r3/4N3/Pq1P4/1p2P3/1P2RP2/K1R5 w - - 5 42,a6e6 b4a4 a1b1 a4a2,968,85,94,1175,endgame mate mateIn2 short,https://lichess.org/vjCoL1nP#83,
6XoFy,8/2p2k2/p4r2/p1R3K1/8/8/1P6/8 b - - 0 46,a5a4 c5c7 f7e6 c7c6 e6d5 c6f6,978,82,94,568,crushing deflection endgame exposedKing long rookEndgame skewer,https://lichess.org/WP5IIs9h/black#92,
6uJ6G,8/8/8/6P1/r7/2k1KP2/1p6/4R3 w - - 4 49,g5g6 a4a1 e1a1 b2a1q,1396,74,97,15564,advancedPawn crushing endgame promotion rookEndgame short,https://lichess.org/7Bm81loN#97,
6xR1i,r1bqk2r/1pp2pp1/p1np1n1p/2b5/2BPP3/P4N2/1P3PPP/RNBQR1K1 b kq - 0 9,c5d4 f3d4 c6d4 d1d4,1128,76,96,1582,crushing opening short,https://lichess.org/MRDFXzQI/black#18,Italian_Game Italian_Game_Two_Knights_Defense
6xVba,3r3r/kbp5/1p2R2p/p2p1p2/3P1q2/2P2B2/PP2Q2P/1K3R2 b - - 1 24,b7a6 e2a6 a7a6 f3e2 a6b7 f1f4,1335,86,94,3751,advantage attraction discoveredAttack long middlegame sacrifice,https://lichess.org/Q3x2aaRu/black#48,
75mUy,5r2/p1k5/2pR2p1/1p5p/1K1R1P1P/8/PPb5/8 w - - 0 27,b4c5 f8f5 c5b4 c6c5 b4a5 c5d4,1181,76,100,954,advantage endgame fork long,https://lichess.org/J5ZfiDpG#53,
76Kqm,8/8/1k5p/6p1/4KpP1/7P/5P2/8 b - - 3 59,b6c6 e4f5 c6d5 f5g6 f4f3 g6h6 d5c4 h6g5,925,77,99,956,crushing endgame pawnEndgame veryLong,https://lichess.org/15APnXST/black#118,
79aPu,r2qkb1r/4nppp/2n1p3/1B1pPb2/p2P4/1N6/1PP2PPP/R1BQK1NR w KQkq - 2 10,b3c5 d8a5 c2c3 a5b5,910,79,99,891,advantage fork opening short,https://lichess.org/BZC2SZ07#19,Caro-Kann_Defense Caro-Kann_Defense_Advance_Variation
7Czct,r3k2r/ppp2ppp/2n1p3/3qN3/Qb1P2b1/4P1B1/PP3PPP/RN3K1R w kq - 0 13,e5g4 d5c4 f1g1 c4c1 a4d1 c1d1,973,84,94,706,backRankMate long mate mateIn3 middlegame,https://lichess.org/x8NDRIVw#25,Queens_Pawn_Game Queens_Pawn_Game_London_System
7HCA9,8/8/1p6/2p1k2p/p1P1P1p1/P2P2P1/5K2/8 b - - 1 40,e5d4 f2e2 d4e5 e2e3 e5e6 e3f4,1378,79,97,29629,crushing endgame long pawnEndgame zugzwang,https://lichess.org/i5z8jI1i/black#80,
7RkTK,6rk/pp3Qpp/8/3p4/1P4n1/P5b1/1B2P2r/5RK1 b - - 1 32,h2e2 f7g7 g8g7 f1f8,1581,73,96,22665,clearance mate mateIn2 middlegame pin sacrifice short,https://lichess.org/PcqmJDsx/black#64,
7ceY4,8/p4p2/5k1p/1p1p4/1P1P1K2/P5P1/8/8 b - - 1 36,f6g6 f4e5 f7f5 e5d5 f5f4 g3f4,1373,76,96,11903,crushing endgame long pawnEndgame,https://lichess.org/GzqcagTF/black#72,
7iSLw,2r2rk1/6pp/pp1b4/1qnp1pN1/8/1P2P2P/PB1N1PP1/1QR3K1 b - - 5 22,c5d3 c1c8 f8c8 a2a4 b5c6 b1d3,1947,77,94,2624,advantage long middlegame,https://lichess.org/leglBnVn/black#44,
7jYEh,r3r1k1/p4p1p/1p2b1q1/2p5/3Q2P1/1NP1P2P/PP3P1R/2KR4 w - - 0 20,d4d3 g6d3 d1d3 c5c4 d3d4 c4b3,1655,70,95,19517,advantage fork long middlegame,https://lichess.org/2BwTynFz#39,
7kN00,r3k2r/1pp2ppp/1b1p1q1n/p3n3/P2NP1b1/2P1B1P1/1P1Q1PBP/RN3RK1 w kq - 0 12,d4b5 e5f3 g2f3 f6f3,2129,76,96,555,advantage fork middlegame short,https://lichess.org/l3nERsgY#23,Scotch_Game Scotch_Game_Classical_Variation
7rEEd,rr5k/6pp/8/4P3/5P2/1Pp1R3/Qb4PP/1K1R4 b - - 0 26,a8a2 b1a2 c3c2 d1d8 b8d8 a2b2,2217,77,93,1586,crushing endgame long,https://lichess.org/lUKzraoE/black#52,
7tlUp,r1b1k2r/ppB2ppp/2np1q2/8/1b2P3/2N5/PPPQ1PPP/R3KB1R w KQkq - 0 10,a2a3 b4c3 b2c3 e8d7 c7d6 f6d6,2175,85,91,1903,advantage long opening pin,https://lichess.org/E9vKOfqQ#19,Scotch_Game Scotch_Game_Other_variations
7wQ4e,5R2/1r3p2/2p5/pkP5/p7/1nP5/1P3R2/1K6 w - - 9 51,f2f1 b3d2 b1a2 d2f1,693,78,100,505,crushing endgame fork master short,https://lichess.org/Yc8b8Vha#101,
891TF,r4r1k/ppp3p1/3pQ2p/8/7q/2N1R3/PPP2PPP/R5K1 w - - 1 18,e6h3 h4f2 g1h1 f2f1 a1f1 f8f1,908,90,92,1620,backRankMate long mate mateIn3 middlegame sacrifice,https://lichess.org/X0qkCfvS#35,Scotch_Game Scotch_Game_Scotch_Gambit
8DwHX,6k1/5pb1/4p3/4P1QP/3PB3/1rq5/8/5R1K w - - 0 41,h5h6 c3h3 h1g1 b3g3 g5g3 h3g3,918,90,95,653,crushing endgame exposedKing fork long,https://lichess.org/eA6tJTvX#81,
8JWj6,7r/ppq2pk1/4p1p1/1N1p4/3Pn1Q1/2P5/PP3PP1/R4RbK w - - 8 23,h1g1 c7h2,899,85,95,798,mate mateIn1 middlegame oneMove,https://lichess.org/Hz7eaH6x#45,
8Qo3K,6n1/p7/5kp1/PPK4p/5P2/8/8/8 b - - 0 53,g8e7 b5b6 a7b6 a5b6 f6f5 b6b7,942,86,96,1132,advancedPawn crushing endgame knightEndgame long master masterVsMaster,https://lichess.org/sRbs9Roq/black#106,
8dwW9,5rk1/ppp2rp1/4p2p/2q1p2n/4P3/2NP2RP/PPP1Q1P1/3R3K w - - 6 18,e2h5 f7f1 d1f1 f8f1 h1h2 c5g1,904,81,98,2339,kingsideAttack long mate mateIn3 middlegame,https://lichess.org/KiZYPI2I#35,Bishops_Opening Bishops_Opening_Other_variations
8jW7g,r4rk1/pp1n1ppp/1q1bpn2/3p2Q1/3N4/1P2B3/P1P2PPP/RN2K2R w KQ - 6 13,d4e6 d6b4 c2c3 b6e6,2307,75,93,6651,crushing discoveredAttack middlegame short,https://lichess.org/rwDacPFc#25,French_Defense French_Defense_Advance_Variation
8lOLR,2rq1rk1/pb3ppp/5b2/4pP2/3pN3/1P1B1Q2/P1P3PP/R4RK1 b - - 4 18,c8c3 e4f6 d8f6 f3b7,929,78,92,716,crushing discoveredAttack master middlegame short,https://lichess.org/tW7Zt3GK/black#36,Sicilian_Defense Sicilian_Defense_Scheveningen_Variation
8p71z,7r/4qpk1/p3p1p1/1p2Q1N1/6P1/P1P4R/1P3PK1/3r4 b - - 10 38,f7f6 g5e6 g7g8 e5b8,1975,76,92,3965,crushing endgame short,https://lichess.org/5HCdCVaY/black#76,
8qprN,2r3k1/q1rbnp2/1p2pQ1p/p2pP3/P2P2P1/R1PB4/5P1P/2R3K1 w - - 2 31,f6e7 d7b5 e7f6 b5d3,1613,74,92,1736,advantage middlegame short,https://lichess.org/lyhDZ8wA#61,
8s9vp,r5k1/pp4pp/2p5/2PpP1q1/1Pr5/P2Q3P/1B1K1R2/R7 w - - 13 36,d3e3 c4c2 d2c2 g5e3,1264,81,92,1144,advantage deflection middlegame short,https://lichess.org/QKdab79R#71,
8v28V,8/2q3k1/4Qp2/p3pPp1/1P1pBbP1/P1r5/1R3PKr/1R6 w - - 1 38,g2g1 c3c1 b1c1 c7c1,1065,76,100,1101,mate mateIn2 middlegame short,https://lichess.org/GgTIb3iE#75,
8wnhu,3rb3/p3q1kp/1p3R1n/2pPP1p1/2P5/P5PB/1Q5P/6K1 b - - 0 35,e8g6 d5d6 d8d6 f6d6,1956,77,91,958,crushing master middlegame short,https://lichess.org/ei7rV97o/black#70,
91tuc,r1b2rk1/ppp2p1p/2n3p1/3p2qn/2PPp3/P3P2P/1P1NBPP1/RN1Q1RK1 w - - 1 15,c4d5 c8h3 e2g4 h3g4,1314,75,100,890,advantage opening pin short,https://lichess.org/39jD4e6A#29,London_System London_System_Other_variations
929X5,1br3k1/pp3ppp/2nq1p2/3p4/3P2b1/2P1QN2/PP1N1PPP/1BR3K1 b - - 2 16,c6d8 e3e8 d6f8 b1h7 g8h7 e8f8,1366,76,94,5652,advantage deflection kingsideAttack long middlegame,https://lichess.org/dOcmnvXX/black#32,Queens_Pawn_Game Queens_Pawn_Game_Torre_Attack
93QOf,3r2k1/1Q3ppp/4p3/1p1rP3/8/3q4/PP4PP/R4R1K b - - 2 26,d5e5 b7f7 g8h8 f7f8 d8f8 f1f8,837,83,98,1979,backRankMate endgame long mate mateIn3 sacrifice,https://lichess.org/TIZ4HFFK/black#52,
99qCL,r1b2rk1/pp1pb1pp/5pnq/6N1/2Q1N2P/4P3/PPP2P2/2KR3R b - - 1 16,g8h8 g5f7 f8f7 c4f7,944,81,97,2969,crushing fork middlegame short,https://lichess.org/JmGl2TVO/black#32,Englund_Gambit_Complex Englund_Gambit_Complex_Englund_Gambit
9KLlF,8/8/1p4k1/p1pB2P1/P4K2/1P1b4/8/8 b - - 9 46,d3c2 d5e4 c2e4 f4e4 b6b5 a4b5,960,79,98,1150,bishopEndgame crushing endgame long,https://lichess.org/972p7h4k/black#92,
9LApM,4r1k1/ppq2p2/2p1npp1/3p4/3N1bP1/1B1P3P/PPPQ1PK1/4R3 w - - 2 24,d4e6 f4d2 e6c7 e8e1,1950,78,94,14520,advantage capturingDefender middlegame short,https://lichess.org/yHI2EOtV#47,
9MaE7,2r2rk1/p4pp1/2p1p2p/1pPpPn2/3P1R1P/P1P1qQP1/6PN/1R4K1 w - - 1 28,g1h1 f5g3 f3g3 e3g3,953,78,96,5100,crushing kingsideAttack middlegame short xRayAttack,https://lichess.org/yOSzinNM#55,
9QxZZ,r1bq1r2/ppp5/3p2k1/3PbpP1/2P5/2N2B2/PP1Q1PK1/R5R1 b - - 2 22,d8g5 g2f1 g5g1 f1g1,1566,76,93,4858,advantage defensiveMove middlegame pin short,https://lichess.org/lrqiGDcR/black#44,
9U5f2,5rk1/pb2r1p1/1p5p/8/5nQ1/1P1B4/P4qPP/2R1R2K w - - 2 27,e1e7 b7g2 g4g2 f2g2,1658,77,94,13598,mate mateIn2 middlegame short,https://lichess.org/PSmFOSce#53,
9WpLb,8/p1R5/Pp6/2n5/8/1k1K2P1/8/8 w - - 13 61,d3d4 c5e6 d4d5 e6c7,786,82,99,1007,crushing endgame fork master masterVsMaster short,https://lichess.org/lKGw0fA6#121,
9YHBx,1r6/8/p3k3/2P1p3/2N2bp1/1r6/2K1RR2/8 b - - 1 44,e6f5 e2e5 f5g6 f2f4,1414,78,91,1713,advantage deflection endgame master pin short,https://lichess.org/dRS8jrEc/black#88,
9k1Ed,8/1P4R1/5p2/8/5kP1/1r3p1P/5K2/8 w - - 1 56,g7f7 b3b2 f2e1 f3f2 e1f1 f4g3,2178,84,94,2569,advancedPawn crushing endgame exposedKing long master rookEndgame,https://lichess.org/9U0XxUoC#111,
9muOp,r5k1/pp2ppbp/4q1p1/1b6/3P1P2/PPQ2NBP/2B1r1P1/R5KR w - - 3 24,g1h2 a8c8 c3c8 e6c8,1997,78,91,3647,advantage middlegame short,https://lichess.org/GDqZSGhT#47,
9uFkL,3r2k1/p6p/P1r1b1p1/R2p2q1/4R3/7P/1P3QP1/3B2K1 b - - 0 36,d5e4 a5g5 d8d1 g1h2,988,76,98,4846,advantage defensiveMove middlegame short,https://lichess.org/7gQQUDrd/black#72,
9wAS0,4rBK1/8/5pkP/5p2/p7/6P1/1P6/8 b - - 7 80,e8b8 h6h7 b8f8 g8f8 g6h7 f8f7 f5f4 g3f4,1390,77,91,586,advancedPawn crushing endgame veryLong,https://lichess.org/uayez9Ka/black#160,
9xWGs,r1bk3r/bppp1Qp1/p1n1P3/6q1/1PB5/2P5/P4PPP/RN2R1K1 b - - 0 14,g5h5 e6e7 c6e7 f7e7,1181,74,100,779,advancedPawn mate mateIn2 middlegame short,https://lichess.org/2CLYsFhJ/black#28,Italian_Game Italian_Game_Anti-Fried_Liver_Defense
9ykL1,5rk1/2P4p/6p1/1p1R1p2/1P5P/p1P4R/r7/2K5 b - - 0 32,a2e2 d5d8 a3a2 d8f8,1438,77,94,837,crushing endgame rookEndgame short,https://lichess.org/rebi1Zfr/black#64,
A5w2p,r1b2r1k/1p4pp/p1np4/3Np1qn/2P1PpPb/1N3P2/PP1BB2P/R2Q1R1K b - g3 0 16,h5g3 h2g3 h4g3 h1g2,1739,77,91,1814,advantage master middlegame short,https://lichess.org/jf6OTsQp/black#32,Sicilian_Defense Sicilian_Defense_Kalashnikov_Variation
A8dMR,3r2k1/r4qpp/3pR3/p1p2PR1/2Q5/2P4P/PP5K/8 b - - 2 33,d8e8 e6e8,830,79,98,683,endgame mate mateIn1 oneMove pin,https://lichess.org/XN7mFtya/black#66,
AAsL1,3q1rk1/5ppp/7b/p1Q5/B2p1n1P/2Pb4/PP3PP1/4R1K1 b - - 5 25,d8h4 c5f8 g8f8 e1e8,1198,82,90,1420,attraction kingsideAttack mate mateIn2 middlegame operaMate sacrifice short,https://lichess.org/TW6mBqo2/black#50,
AC79l,r3kb1r/pp3ppp/1qn1pn2/8/1PBN4/2P1B1N1/P4PPP/1Q2K2R b Kkq - 0 14,a7a6 d4e6 b6e3 f2e3,1666,78,93,938,advantage middlegame short trappedPiece,https://lichess.org/qeKkGdNz/black#28,Caro-Kann_Defense Caro-Kann_Defense_Classical_Variation
AG769,2k1r2r/pppq1pb1/2n3p1/1QN1n1Bp/3N3P/2P5/PP3PP1/2KR3R b - - 5 18,c6d4 b5b7,1429,76,95,4367,mate mateIn1 middlegame oneMove queensideAttack,https://lichess.org/GGEMbxLU/black#36,Queens_Pawn_Game Queens_Pawn_Game_Accelerated_London_System
AIBmU,rn1qkb1r/pbppp1p1/1p3p2/3nB3/3P3p/2PQPN2/PP3PPP/RN2KB1R b KQkq - 1 8,f6e5 d3g6,652,87,100,575,mate mateIn1 oneMove opening,https://lichess.org/Yb0bK5yX/black#16,English_Defense English_Defense_Other_variations
ALmRj,r2r2k1/1p3pbp/p3bQ2/8/3qBB2/6R1/PP3PPP/2R3K1 w - - 2 26,f4e5 d4d1 c1d1 d8d1,777,84,98,505,backRankMate mate mateIn2 middlegame sacrifice short,https://lichess.org/i3SkiwzA#51,
ASrlD,8/1p5p/p7/2pPkPp1/2Ppp1P1/1P5P/1P2K3/8 b - - 4 40,b7b5 b3b4 c5b4 c4c5 e5d5 f5f6 d5e6 c5c6,2142,77,92,5090,crushing endgame pawnEndgame quietMove sacrifice veryLong,https://lichess.org/NpNtQl5h/black#80,
AZVxr,r1b2k1r/pppp2p1/5q2/4Q1b1/3p4/1B6/PPP2PPP/RN3RK1 w - - 2 14,e5c7 g5f4 c7f4 f6f4,1578,77,93,1205,advantage middlegame short,https://lichess.org/ipcuWzmT#27,Italian_Game Italian_Game_Scotch_Gambit
Acpzo,8/8/8/p1pk3p/6pP/PPK3P1/8/8 w - - 0 45,a3a4 d5e4 c3c4 e4f3,1385,77,97,7241,crushing endgame pawnEndgame short,https://lichess.org/UoEFac9c#89,
AdaIc,8/3k2p1/5n1p/p1R1rp2/3P4/P3P2P/5KP1/8 w - - 0 39,d4e5 f6e4 f2e2 e4c5,854,76,95,1318,crushing endgame fork short,https://lichess.org/3i5meur2#77,
AeTxN,r1b1kb2/ppp4Q/2np4/1B4q1/4Pn2/2N5/PPP2PPP/R3K2R w KQq - 0 12,e1c1 f4e2 c1b1 e2c3 b2c3 g5b5,1591,78,90,1251,crushing discoveredCheck doubleCheck long middlegame queensideAttack,https://lichess.org/6bqqZSL2#23,Philidor_Defense Philidor_Defense_Other_variations
AgTJ4,8/1bb2B1k/3r2pp/p4P2/Pp6/1P1Q2PP/1BP4K/4rN2 b - - 0 33,d6d3 f5g6,1618,81,91,5282,master mate mateIn1 middlegame oneMove,https://lichess.org/2u5bcrRG/black#66,
Aj98S,3rkb1r/p1qb1ppp/2p1p3/3n4/B2Q4/2P1B3/PP3PPP/RN3RK1 w k - 3 13,d4a7 c7a7 e3a7 d8a8,1594,81,96,13849,crushing opening short,https://lichess.org/58M92EBQ#25,Sicilian_Defense Sicilian_Defense_Delayed_Alapin
AlhbW,3r1rk1/pp4b1/2p2n1p/4nBpq/1PP5/2N1PP2/PB4QP/R4RK1 b - - 4 20,e5c4 f5e6 g8h8 e6c4,924,80,95,2392,crushing fork middlegame short,https://lichess.org/xLtCIWCr/black#40,
AoAQH,r2qk2r/pp4pp/8/2bpP3/2pn4/2N1B2P/PP2P3/R2QK1R1 w Qkq - 1 15,e3d4 d8h4 e1d2 h4d4,1300,76,94,4101,advantage interference middlegame short,https://lichess.org/WZXIDmNH#29,Queens_Gambit_Declined Queens_Gambit_Declined_Chigorin_Defense
Apfr8,r4rk1/p2b2pp/2pp1pn1/1qb4Q/2N1P3/1N6/PBP2PPP/R4RK1 w - - 10 15,c4d2 c5f2 f1f2 b5h5,1868,79,93,2333,crushing discoveredAttack kingsideAttack middlegame short,https://lichess.org/Isqm7mSw#29,Sicilian_Defense Sicilian_Defense_Wing_Gambit
AtbQE,r2qkb1r/pp4pp/5n2/4NbB1/2P5/2Np2P1/PP3PBP/n2Q1K1R b kq - 2 15,d8c7 g5f6 g7f6 d1h5 f5g6 e5g6,2307,77,93,5321,advantage exposedKing fork long master middlegame,https://lichess.org/XEPYvnTc/black#30,Benoni_Defense Benoni_Defense_Czech_Benoni_Defense
AuVqQ,8/8/pp5K/8/2k2Q1P/q7/8/8 b - - 1 52,c4c5 f4f8 c5c4 f8a3,1107,81,95,510,crushing endgame queenEndgame short skewer,https://lichess.org/IVmMUnso/black#104,
AvFHG,Qq2kb1r/3b1ppp/3p4/1N2P1B1/1n3P2/8/PPP3PP/2KR3R b k - 0 15,b8a8 b5c7,939,77,100,505,mate mateIn1 middlegame oneMove,https://lichess.org/oMMbn6PN/black#30,Sicilian_Defense Sicilian_Defense_Richter-Rauzer_Variation
AxAS5,8/Pbk2p2/2p3p1/3p2P1/2n3B1/7P/1P6/1KR5 w - - 2 40,c1f1 c4d2 b1c1 d2f1,668,77,100,918,advantage endgame fork master masterVsMaster short,https://lichess.org/2XrgSaAX#79,
BAHsl,8/8/4pk2/R5p1/4P1Kp/P1r4P/8/8 w - - 3 47,a5g5 c3g3 g4h5 g3g5,816,82,100,525,crushing endgame rookEndgame short,https://lichess.org/Ge85YwAD#93,
BBZUQ,8/4kp1p/8/2b5/p1B3P1/3K4/P2B2bP/8 w - - 0 36,c4b5 g2f1 d3e4 f1b5,972,89,96,2275,bishopEndgame crushing endgame short skewer,https://lichess.org/IbSNS6vi#71,
BDDJx,1r3rk1/6bp/3pp1p1/p1p5/N7/2P1BpKP/PP6/R2R4 w - - 0 25,d1d6 g7e5 g3f2 e5d6,977,75,90,543,crushing fork middlegame short,https://lichess.org/vgEtQQG0#49,
BDgnZ,4k2r/1bq1p3/p4Q2/3P2BP/1p4P1/n4B2/P4N2/2rKR3 w k - 1 29,g5c1 c7c2,952,84,93,795,mate mateIn1 middlegame oneMove,https://lichess.org/99nrm59X#57,
BQtdS,7k/1R2Q1pp/p7/1p1pP3/1B1p4/P3q1KP/1P6/8 w - - 3 31,g3h4 e3f4 h4h5 g7g6,1668,78,96,3735,endgame mate mateIn2 short,https://lichess.org/nrrWyf2C#61,
BRLoV,2b1r2k/q5bp/6p1/P3p3/2Q5/2P3PN/1r3PBP/R3R1K1 w - - 1 28,h3g5 a7f2 g1h1 f2g2,968,78,96,3378,kingsideAttack mate mateIn2 middlegame short,https://lichess.org/MedZbgn2#55,
BUL2L,8/4k2p/3R2p1/p1p1B3/1bb2P2/6P1/6KP/8 w - - 2 33,d6c6 c4d5 g2f1 d5c6,913,88,95,519,crushing endgame fork short,https://lichess.org/7VNDfVju#65,
BVZkJ,r1b1r1k1/5pP1/p2q4/1p1pp1pQ/3P4/4B2R/PPP5/RN2K3 b Q - 2 21,c8h3 h5h8,982,84,96,778,mate mateIn1 middlegame oneMove,https://lichess.org/Ht5Jetgk/black#42,
BVnTx,kn3R2/pr6/6q1/3Q4/2Pp4/P7/3N4/2K5 b - - 4 37,g6d3 f8b8 a8b8 d5d8,1219,87,93,1645,attraction endgame mate mateIn2 pin sacrifice short,https://lichess.org/fwu2Olkl/black#74,
BYIOT,2rqkb1r/pQ2npp1/2n1p2p/3pP3/5P2/2P2N2/PP3BPP/RN2K2R w KQk - 1 14,f2a7 c8c7 b7b5 c7a7,1598,74,96,17097,advantage opening short skewer,https://lichess.org/OO6OIa2i#27,Caro-Kann_Defense Caro-Kann_Defense_Other_variations
BaZiQ,7k/pq3ppp/8/P2pQ3/2pP3P/2P3P1/8/5K2 b - - 0 41,b7d7 e5b8 d7c8 b8c8,915,78,98,1155,backRankMate endgame mate mateIn2 queenEndgame short,https://lichess.org/WY0W3afZ/black#82,
Bagsr,6k1/6p1/1q1R3p/1p2P1p1/2p5/P1P2rNP/1P1Q4/5K2 w - - 0 37,f1e1 b6g1 e1e2 f3f2,1676,74,95,1691,crushing endgame fork short,https://lichess.org/jEDVO4og#73,
Bazp6,r1bqkb1r/pp2nppp/2npp3/6B1/2B1P3/2N2N2/PP3PPP/R2Q1RK1 b kq - 1 8,h7h6 c3b5 h6g5 b5d6 d8d6 d1d6,2083,78,91,3438,advantage long opening sacrifice,https://lichess.org/Ds2X98mc/black#16,Sicilian_Defense Sicilian_Defense_Open
BdSkx,1k6/p3b1pp/3p1p2/1B1P4/1P1BPn2/P4P2/5P1P/2K5 w - - 1 24,b5d7 f4e2 c1d2 e2d4,804,80,99,1355,advantage endgame fork short,https://lichess.org/SgtjVIlf#47,
BgIiV,r1b1k2r/pp3p1p/n2p2p1/2p4q/3BPPn1/2PB3P/PP4P1/RN1Q1R1K w kq - 0 15,d4h8 g4f2 f1f2 h5d1,929,77,97,1193,advantage deflection discoveredAttack kingsideAttack master middlegame short,https://lichess.org/Wgpudstv#29,Modern_Defense Modern_Defense_Other_variations
BgzYE,8/6kp/3q2p1/2p5/3p4/1Pr2P1P/3Q2P1/3R2K1 w - - 0 42,d2c3 d4c3 d1d6 c3c2,942,78,100,883,advancedPawn advantage endgame short,https://lichess.org/CkBs8zY6#83,
BjXGR,8/8/1ppnk1p1/3p1p2/1P1P2P1/2P1KPN1/8/8 w - - 0 56,g4f5 d6f5 e3f2 f5g3 f2g3 e6f5,1582,77,95,7045,advantage defensiveMove endgame knightEndgame long master,https://lichess.org/efkRAyyu#111,
BkM6W,4r1k1/p4rPp/1p6/2p5/4q3/P1Q1PN2/1B3PP1/4K2R w K - 1 29,f3g5 e4g2 g5f7 g2h1 e1e2 h1h5,2069,77,96,1177,advantage fork long middlegame,https://lichess.org/5b1ZZwvk#57,
BmmJi,k3r3/pp6/8/2p3pQ/q7/2P4P/PP3PP1/3R2K1 w - - 1 25,d1d5 e8e1 g1h2 a4f4 g2g3 f4f2,1182,75,98,882,endgame long mate mateIn3,https://lichess.org/5NgNI3mh#49,
BrNKb,rn1q1rk1/p4ppp/1pb1p3/2pnP3/3P4/P1N1BB2/1PP3PP/R2Q1R1K w - - 1 15,d1d2 d5e3 d2e3 c5d4,1715,75,96,11031,crushing middlegame short,https://lichess.org/gg5unufJ#29,Scandinavian_Defense Scandinavian_Defense_Mieses-Kotroc_Variation
BtNoU,4r1k1/1p1nrppp/p1n2q2/3B4/1P1p4/P1P3BP/5PP1/R2QR1K1 w - - 0 20,c3d4 e7e1 d1e1 e8e1,971,76,99,813,advantage fork middlegame short,https://lichess.org/eb5q2P2y#39,
BtTLp,8/8/8/p6p/K2k3P/6P1/8/8 w - - 2 50,g3g4 h5g4 h4h5 d4e5 h5h6 e5f6 h6h7 f6g7 h7h8q g7h8,1918,81,93,1000,crushing endgame pawnEndgame veryLong,https://lichess.org/3Xl8J1wd#99,
BvoWt,r1b2rk1/ppp2pp1/6np/n7/4N1q1/2PQ4/P1B2PPP/R1B2RK1 b - - 7 16,g6h4 e4f6 g7f6 d3h7,781,82,98,3679,clearance kingsideAttack mate mateIn2 opening sacrifice short,https://lichess.org/On1cjHNF/black#32,Scotch_Game Scotch_Game_Goring_Gambit
C38uA,3r3k/ppq1bB1n/1np4Q/4p3/4P3/2N5/PPP2PPP/5RK1 b - - 0 19,c7d6 f7g6 d6g6 h6g6,1606,74,95,27742,crushing middlegame short,https://lichess.org/FKBtcDNS/black#38,Philidor_Defense Philidor_Defense_Other_variations
CAW1f,r1b2rk1/2p2pp1/1pN1q2p/p2n4/3PN3/P7/1P1Q1PPP/2R1R1K1 w - - 4 23,e4c3 e6c6 c3d5 c6d5,1172,79,92,3274,advantage hangingPiece middlegame short,https://lichess.org/yOGtd53G#45,
CCf9l,rb3rk1/ppqn1ppp/2p1pn2/2PpN2b/3P4/1P1BP2P/PBQN1PP1/R4RK1 w - - 1 14,e5d7 c7h2,653,77,100,756,mate mateIn1 middlegame oneMove,https://lichess.org/tvJTVTcY#27,Queens_Pawn_Game Queens_Pawn_Game_Other_variations
CEyuQ,r7/5p1p/5pk1/1p2pN2/1P2n3/2PR2P1/1P3P1P/6K1 w - - 0 30,f5d6 a8d8 d6e4 d8d3,1753,75,96,12444,advantage endgame short,https://lichess.org/CCHC9lfd#59,
CFNBr,8/1pp5/pk1p2R1/2n5/4P3/r3KN2/8/2R5 w - - 1 27,e3f4 c5d3 f4g4 d3c1,914,78,98,3519,advantage endgame fork short,https://lichess.org/kDPsow1D#53,
CIULm,r2bnr1k/pp3ppP/3p4/q2P3P/2Pp2Q1/8/PP4BN/R1B2RK1 w - - 0 24,g4d4 d8b6 d4f2 b6f2,997,75,100,1088,advantage opening pin short,https://lichess.org/v1WFUbZM#47,
CJomk,r1br2k1/ppp2ppp/8/4b3/4R3/2P3P1/PP3PBP/R1B3K1 w - - 0 15,e4e5 d8d1 g2f1 c8h3 c1d2 d1a1,1484,74,95,6382,advantage long middlegame pin,https://lichess.org/JoMWwaYi#29,Queens_Pawn_Game Queens_Pawn_Game_Other_variations
CZiQf,r1b1k1nr/1pp2ppp/p1np1q2/b2Pp3/2B1P3/B1P2N2/P4PPP/RN1Q1RK1 b kq - 0 9,c6e7 d1a4 c8d7 a4a5 b7b6 a5b4,1369,77,93,2803,advantage fork long opening,https://lichess.org/BWX7e01H/black#18,Italian_Game Italian_Game_Evans_Gambit
CaFGP,8/6p1/4pq1k/8/6P1/6K1/5P2/7Q b - - 1 54,h6g6 h1h5,834,84,97,1531,endgame master masterVsMaster mate mateIn1 oneMove queenEndgame,https://lichess.org/qqfC4MJN/black#108,
CdmBX,8/6p1/2k4p/5p2/5P2/2P1K2P/8/8 b - - 0 44,c6d5 h3h4 d5c4 e3d2 g7g6 d2c2 c4d5 c2d3,2129,80,92,1171,crushing defensiveMove endgame pawnEndgame quietMove veryLong,https://lichess.org/cOmTENVk/black#88,
CeZuh,1r1r4/5p1k/1q5p/p1bp2P1/3Nn2P/1PP1P3/P1N5/2KR1Q2 b - - 0 34,a5a4 f1f7 h7h8 g5g6 b6g6 f7g6,1988,76,94,7842,crushing long middlegame,https://lichess.org/z56rD8bV/black#68,
CgXl8,5rk1/4b1p1/4q2p/2pppp2/3n4/3P2P1/Pr1BPPBP/R2Q1RK1 w - - 0 20,d2c3 d4e2 g1h1 e2c3,1230,76,95,11602,crushing fork middlegame short,https://lichess.org/zdH9Pfof#39,
ChMyc,2kr1b2/ppp4r/3p4/3N1PQ1/7n/8/PPP5/2KR4 w - - 0 22,d1h1 f8h6 g5h6 h7h6,1396,79,96,26765,crushing middlegame pin short,https://lichess.org/BM9VeHXH#43,
CinT4,8/5p1k/P5p1/4Q3/2P5/4K3/5P2/5q2 w - - 1 48,e5e7 f1e1 e3d4 e1e7,1083,75,99,1082,crushing endgame master queenEndgame short skewer,https://lichess.org/FoqlqPNY#95,
CmD1P,r5r1/pp1N2bk/2p1Q3/2P2pq1/3Pp3/5P1P/PP4P1/3R1RK1 w - - 1 24,f3e4 g7d4 d1d4 g5g2,1658,77,93,2597,kingsideAttack mate mateIn2 middlegame short,https://lichess.org/vBsCIvL3#47,
Cq8EY,2r3k1/1p1q1ppp/p3p3/3p3N/2nP2Q1/P6P/1P3PP1/5RK1 b - - 4 27,g7g6 h5f6 g8g7 f6d7,817,80,98,1033,advantage endgame fork short,https://lichess.org/J3LcWYQO/black#54,
CqXCr,r2qk2r/pp1nbpp1/2p1pn2/8/2BPb2B/5N1P/PPP1NPP1/R2QK2R w KQkq - 1 12,e2c3 e4f3 d1f3 h8h4,1594,76,92,1013,capturingDefender crushing opening short,https://lichess.org/kfTYWw2J#23,Caro-Kann_Defense Caro-Kann_Defense_Main_Line
CqbcW,5rk1/5qpp/1p6/p1r5/1nPNp3/1P2P3/4QPPP/R3R1K1 w - - 1 22,e2g4 f7f2 g1h1 b4d3,1752,74,93,1746,crushing kingsideAttack middlegame short,https://lichess.org/O2vJrz5x#43,
CyiGx,6k1/pp1q2p1/8/4p3/4N3/7P/PP4RK/8 b - - 1 36,d7d5 e4f6 g8h8 f6d5,792,89,95,507,crushing endgame pin short,https://lichess.org/ghXOWDsE/black#72,
D85RT,rn1q1r1k/4b1pp/p1p1Q1N1/1p4P1/P1pP4/2P1P1P1/5PK1/R4R2 b - - 1 18,h7g6 f1h1,1159,85,94,1655,mate mateIn1 middlegame oneMove,https://lichess.org/DbyccC4B/black#36,Queens_Gambit_Declined Queens_Gambit_Declined_Alapin_Variation
DGxSi,r3kb1r/pp2ppp1/n7/B2p4/3P4/5Nnq/PPP1P2P/RN1Q1RK1 w kq - 0 15,h2g3 h3g3,1701,79,94,6820,kingsideAttack mate mateIn1 oneMove opening,https://lichess.org/ZrgM5KDc#29,Queens_Pawn_Game Queens_Pawn_Game_Symmetrical_Variation
DNcJE,6rk/1pp2p1p/p1p2Pq1/8/2b5/2N1Q1R1/PPP3PP/6K1 b - - 4 22,g6c2 g3g8 h8g8 e3e8,1180,78,94,512,attraction endgame mate mateIn2 short,https://lichess.org/ShsctCPn/black#44,
DPWEJ,4kbnr/1p2pppp/p7/8/3B4/1P5P/P1rP1PP1/RN2K2R w KQk - 0 13,d4c3 c2c1 e1e2 c1h1,739,78,100,888,crushing middlegame short skewer,https://lichess.org/WbbXQsIy#25,Nimzo-Larsen_Attack Nimzo-Larsen_Attack_Classical_Variation
DfrFd,1k1r4/pp2bp1r/3p4/2p3qp/2P1P1n1/1BB4Q/PP4P1/3R1RK1 b - - 3 28,g4e3 c3d2 g5g2 h3g2 e3g2 g1g2,1511,75,93,3011,middlegame,https://lichess.org/CQ2LJjvM/black#56,
DhKp2,6k1/1p4pp/p3prqr/2Pp1pn1/3P4/1P3PNP/P3RQP1/4R2K w - - 7 31,a2a3 g5h3 g2h3 h6h3 h1g2 g6h6 e1h1 h3h1,2262,79,100,528,crushing kingsideAttack middlegame quietMove veryLong,https://lichess.org/f4vYLlBY#61,
Dhz4J,r1b2rk1/1p3pbp/p2q1np1/2pPp1B1/2P1P3/2NBQ3/PP4PP/R4RK1 w - - 4 15,g5h6 f6g4 h6g7 g4e3,1216,76,90,714,crushing middlegame short,https://lichess.org/gaaV5ZBP#29,Modern_Defense Modern_Defense_Other_variations
DlGwv,8/4p3/4Pkp1/2r2p1p/1p2p3/1P6/P1BK2PP/2R5 w - - 1 30,c2d1 e4e3 d2e3 c5c1,1481,75,96,14372,crushing deflection endgame short,https://lichess.org/8RcS6tDR#59,
Do7aM,r4rk1/p2n1ppp/qp1bp3/8/4P3/2R1BN1P/3N1PP1/3QK2R w K - 2 18,d2c4 d6b4 e1g1 b4c3,1010,82,91,1295,advantage middlegame pin short,https://lichess.org/ypMxgs6F#35,Sicilian_Defense Sicilian_Defense_French_Variation
Duvof,5r2/7q/1pp1rB2/2p2R2/2kp1QpP/PP6/2P2PPK/8 b - - 0 35,c4b5 f4d4 b5a6 d4c4 a6b7 c4e6,2191,76,96,1740,crushing endgame fork long pin,https://lichess.org/vHDxi3IP/black#70,
DvxvK,5k2/2b2pp1/p6p/1p1N1Q2/2q1p1P1/7P/5PK1/8 b - - 1 37,e4e3 f5c8 c7d8 c8d8,1113,77,98,1290,endgame mate mateIn2 short,https://lichess.org/WMB6K1lO/black#74,
E2TYA,rnb2rk1/pp3ppp/1q2pn2/2bP2B1/8/2N2N2/PPP2PPP/R2QKB1R w KQ - 3 8,g5f6 c5f2 e1d2 b6e3,925,87,96,1448,attackingF2F7 mate mateIn2 opening short,https://lichess.org/X5djJMsI#15,Benoni_Defense Benoni_Defense_Benoni_Gambit_Accepted
EBVGu,r2qr1kb/pbp1pp1p/1p3npn/4P1N1/2B2Q2/2N5/PPP2PPP/R3R1K1 b - - 0 15,f6h5 c4f7 h6f7 f4f7,1285,76,96,2647,fork mate mateIn2 middlegame short,https://lichess.org/GUMjLqvZ/black#30,English_Defense English_Defense_Other_variations
EECJr,2r3k1/1p2qpp1/1p1pb2p/pP3B2/2PP4/P1Q3P1/5P1P/4R1K1 b - - 1 25,c8c4 c3c4 e6c4 e1e7,1706,76,95,2595,crushing endgame short,https://lichess.org/Px50L3x9/black#50,
EGM1Q,r1b1k2r/pp3ppp/2n1p3/8/8/1NqB1Q2/P1P2PPP/R4RK1 b kq - 1 13,e8g8 d3h7 g8h7 f3c3,993,81,90,1058,advantage discoveredAttack middlegame short,https://lichess.org/wQdjLNtm/black#26,Sicilian_Defense Sicilian_Defense_Four_Knights_Variation
ENtTU,2k5/n1p3p1/1p5p/1P1r1p2/2N4P/N1n2PK1/4r1P1/2R4R b - - 1 28,c3b5 c4b6 c8b8 b6d5,1345,83,94,1620,crushing middlegame pin queensideAttack short,https://lichess.org/pmocntaC/black#56,
EPfhB,r2r2k1/1pp3pp/p1p3n1/5b2/3N4/2P4P/P1P2PP1/R1B1R1K1 b - - 1 14,d8e8 e1e8 a8e8 d4f5,943,83,96,3350,advantage kingsideAttack middlegame short,https://lichess.org/T5vUQdwR/black#28,Ruy_Lopez Ruy_Lopez_Exchange_Variation
EQFeO,8/8/8/6p1/3PRrk1/1P1K4/8/8 b - - 10 51,f4e4 d3e4 g4h3 d4d5 g5g4 d5d6 g4g3 d6d7,1619,80,96,18206,advancedPawn crushing endgame quietMove veryLong,https://lichess.org/d2KBfdIo/black#102,
EVxOz,8/4k3/4p1pp/p3K1P1/P6P/8/8/8 b - - 0 42,h6g5 h4g5 e7f7 e5d6 f7f8 d6e6,1018,90,95,668,crushing endgame long pawnEndgame zugzwang,https://lichess.org/8rZa4EOa/black#84,
EZgx4,8/8/1R6/2k5/2P5/3p1P1K/PP5P/8 w - - 0 50,b6d6 c5d6 h3g3 d3d2,958,78,100,506,advancedPawn crushing endgame hangingPiece short,https://lichess.org/VlH35x8y#99,
EjLfW,1R4R1/2r2p1p/p3pbpk/2q5/2P2P2/3PnQ2/P5PP/7K b - - 11 38,c5d4 f3h3 f6h4 h3h4,893,84,97,2220,mate mateIn2 middlegame short,https://lichess.org/rvxi81rM/black#76,
EmM7z,4k2r/2pr1ppp/2N5/2b2b2/8/8/PPP2nPP/RNB2RK1 w k - 0 14,f1f2 d7d1,833,79,97,624,mate mateIn1 middlegame oneMove pin,https://lichess.org/ZyQGj2RJ#27,Italian_Game Italian_Game_Two_Knights_Defense
EpheR,r2q2k1/1b3r1p/p1p1pbpQ/1p6/3P4/3B1N2/PPP2PP1/2KR3R w - - 2 17,f3g5 f6g5 h6g5 d8g5,847,77,100,1076,crushing fork middlegame short,https://lichess.org/LoN8P9mU#33,French_Defense French_Defense_Rubinstein_Variation
EqH2Y,4r1k1/2R1B3/1p1p2qp/1P6/2P2p2/4bP2/7P/Q6K w - - 5 37,e7d6 e3d4 a1d1 g6d6,1911,77,94,10578,crushing endgame intermezzo master short,https://lichess.org/tYAtvYI7#73,
EsASz,r3k2r/p4ppp/2qP2b1/1pp3Q1/2Bp4/3P3P/PPP3P1/2KR4 b kq - 0 20,b5c4 g5e7,1220,80,92,1182,endgame mate mateIn1 oneMove,https://lichess.org/9bSpUEqG/black#40,
F3vYt,3r2k1/1p2qrp1/p2b3p/2pQ4/4p3/2P1B2P/PP3PP1/2KR3R w - - 2 23,e3c5 d6f4 c1c2 d8d5 c5e7 d5d1 h1d1 f7e7,1500,74,97,11820,advantage discoveredAttack middlegame veryLong,https://lichess.org/0NTjljWq#45,
F7504,2r2r1k/1bq1b2p/p3Pp1p/3p1P2/1p1P4/PP1Q1N1P/1K1N4/R5R1 w - - 0 23,a3a4 c7c3 d3c3 b4c3 b2c2 c3d2,1357,75,90,1132,advancedPawn crushing discoveredAttack discoveredCheck fork long middlegame,https://lichess.org/Umfrbh8p#45,
F8oGw,r1b3k1/p1q4n/2p2p2/3pP3/1Pp2Qr1/P1N3R1/2P2BK1/7R b - - 1 33,c7e5 g3g4 c8g4 f4g4,1261,76,95,9323,crushing kingsideAttack master middlegame short,https://lichess.org/wfiY8RxR/black#66,
F9HIM,6R1/4k3/7p/2pKB2P/8/6P1/2rp4/8 w - - 2 55,g8g7 e7f8 d5e6 d2d1q,1031,75,97,2054,advancedPawn advantage defensiveMove endgame master promotion short,https://lichess.org/6v8cPk6P#109,
FCmIF,r2q1rk1/p2b1ppp/2p5/2b4n/2B2P2/2NP2QP/PP4P1/R1B2R1K w - - 3 17,g3g5 d8g5 f4g5 h5g3 h1h2 g3f1,1344,75,97,3791,advantage fork long opening,https://lichess.org/WDxHmz1d#33,Ruy_Lopez Ruy_Lopez_Bird_Variation
FEi45,1r3knr/4bppp/pBB5/1p6/2p5/P5P1/1P3P1P/3RR1K1 b - - 2 25,b8b6 d1d8 e7d8 e1e8,780,78,100,507,mate mateIn2 middlegame operaMate sacrifice short,https://lichess.org/vm8U7TUR/black#50,
FIU7i,8/1p1Q4/p2p2pk/2pPb1qp/P1P1Bn2/1P2R2P/5P2/6K1 w - - 4 36,e3g3 f4e2 g1f1 e2g3,902,85,90,580,crushing endgame fork master short,https://lichess.org/jr78bAw0#71,
FM4S8,5k2/1p5R/prp2Np1/6K1/r7/5P2/7P/8 b - - 4 46,a4a5 g5g6 a5g5 g6g5,731,77,100,945,crushing endgame short,https://lichess.org/T0fYBJ0y/black#92,
FX1QR,6k1/1R5p/r3N1p1/6P1/1P2K2P/6b1/8/8 w - - 1 38,e4d5 a6d6 d5e4 d6e6,962,78,91,751,advantage deflection endgame short,https://lichess.org/zm1fSd3U#75,
FbYLo,8/8/8/8/1r4p1/1P2RpP1/2k2K2/8 b - - 7 48,b4b3 e3e4 b3b2 e4g4 c2d1 f2f3,1863,72,94,17142,crushing endgame long rookEndgame,https://lichess.org/wBppoBEx/black#96,
Fcj7D,8/pp1R2pp/2p1p1k1/5p2/1BP1bn2/1B6/Pr4PP/4R2K w - - 8 35,b4c3 e4g2 h1g1 f4h3,1195,79,91,869,kingsideAttack mate mateIn2 middlegame short,https://lichess.org/xI3OsHnv#69,
FhXxW,r3r1k1/ppqn1ppb/2pb3p/3p4/3Pn2N/P1NBB2P/1PP1QPP1/R3R1K1 b - - 6 15,e4f2 d3h7 g8h7 e2f2,1714,76,94,3084,advantage intermezzo master middlegame short,https://lichess.org/RfsbfPZw/black#30,French_Defense French_Defense_Classical_Variation
Fk4sV,r4rk1/p1pq1pbp/2pp1np1/6B1/4P3/2N2Q2/PPP2PPP/R3R1K1 b - - 9 13,a8b8 g5f6 g7f6 f3f6,963,78,98,3202,crushing middlegame short,https://lichess.org/1zTuVykB/black#26,Ruy_Lopez Ruy_Lopez_Steinitz_Defense
Fm2eq,Rb4rk/7p/2p4N/1pPp1q2/3P1P2/5KP1/8/4Q3 b - - 3 40,f5d3 f3g2 d3e4 e1e4,1962,85,91,563,crushing defensiveMove endgame short,https://lichess.org/n3lcX5gF/black#80,
Fn1wS,rnb1k1nr/p4ppp/1ppbp3/8/2QPP2q/2N2P2/PP2K1PP/R1B2BNR w kq - 0 9,g1h3 c8a6 c4a6 b8a6,1388,74,95,32205,crushing opening pin short,https://lichess.org/QCltVoZq#17,Queens_Gambit_Declined Queens_Gambit_Declined_Charousek_Variation
Fokkc,1k1r3r/1pp2R1P/p7/4Q3/q3b3/P2B4/1PP5/1K6 b - - 0 32,e4d3 e5c7 b8a7 c7b7,966,75,100,530,endgame mate mateIn2 short,https://lichess.org/lPxsnV9B/black#64,
FtKsc,rn1qr1Qk/1bp3pp/5n2/6N1/p1B5/B1PP4/P1P2PPP/R4RK1 b - - 2 16,f6g8 g5f7,681,83,91,2251,mate mateIn1 middlegame oneMove smotheredMate,https://lichess.org/DB9jdcYy/black#32,Kings_Pawn_Game Kings_Pawn_Game_Other_variations
FuBwC,r1b2rk1/pp3pbp/1q1p2P1/3N4/3pP3/1P2QP2/1PP3P1/2KR3R b - - 1 18,d4e3 d5e7 g8h8 h1h7,1510,75,92,2128,kingsideAttack master mate mateIn2 middlegame short,https://lichess.org/rp4YviDV/black#36,Sicilian_Defense Sicilian_Defense_Dragon_Variation
G1b3k,r1b1kbnr/1p1q2pp/4pp2/pN6/2P5/PP6/1B1P1PPP/1R1Q1RK1 b kq - 3 14,f8c5 d1h5 e8f8 h5c5,980,77,95,3478,advantage fork opening short,https://lichess.org/7EnaQchB/black#28,Vant_Kruijs_Opening Vant_Kruijs_Opening_Other_variations
G66zV,3r4/4R2p/4P1p1/p2Bk1P1/7P/6K1/8/8 b - - 0 35,e5d5 e7d7 d5e6 d7d8,775,76,100,633,crushing endgame rookEndgame short,https://lichess.org/CTLQ4Eqf/black#70,
G8fSP,k2r4/1R4Rp/2p2p2/4p3/r7/b1P1B3/2P2PPP/1K6 w - - 1 26,b7d7 d8b8 d7b7 b8b7 g7b7 a8b7,1053,85,92,2491,crushing endgame long,https://lichess.org/upEp0ECA#51,
G93Dh,4rk2/R2Rn2p/1p6/3B1p1P/5r2/6p1/PKP5/8 b - - 1 31,e7d5 d7f7 f8g8 f7g7 g8h8 g7h7,985,78,97,640,crushing endgame exposedKing long,https://lichess.org/RR5jToyw/black#62,
GBhHQ,2k4r/pppq1pp1/3p4/2b3Br/4P3/1Q4PP/PP4BK/R4R2 w - - 0 20,f1f7 h5h3 g2h3 d7h3,1183,76,98,2258,mate mateIn2 middlegame short,https://lichess.org/zZLyGzOJ#39,
GCTJ2,2r4k/1b4bp/N1q3p1/8/3p4/3Q2B1/PP3PPP/3R2K1 w - - 3 28,a6b4 c6g2,902,89,99,1188,master mate mateIn1 middlegame oneMove,https://lichess.org/odw1jJPE#55,
GUzg9,8/7q/3p1k2/P3p3/8/3PBbr1/1PP2P2/R4RK1 w - - 0 36,f2g3 h7h1 g1f2 h1g2 f2e1 g2e2,957,76,100,748,endgame exposedKing long mate mateIn3,https://lichess.org/OBGmMriP#71,
GYHuJ,7k/6pp/8/8/pB3P1P/P2P2P1/6rr/1R3K2 b - - 6 40,g2g3 b4e1 g3f3 f1g1,1698,75,92,698,advantage endgame short,https://lichess.org/vV0CJQyq/black#80,
GYoXF,8/7R/p7/1p6/1P2kpP1/r7/8/4K3 b - - 0 41,e4f3 h7h3 f3g4 h3a3,802,83,98,4261,crushing endgame master rookEndgame short skewer,https://lichess.org/5onqo5pc/black#82,
GZNzZ,r4r1k/pp1bqpp1/2np4/8/3P4/2P1PNP1/PPQ2PP1/2K4R b - - 1 17,h8g8 c2h7,794,79,100,932,mate mateIn1 middlegame oneMove,https://lichess.org/o2IN9ZpM/black#34,Queens_Pawn_Game Queens_Pawn_Game_Accelerated_London_System
GjeMH,2k2r1r/pp2Q2p/1q4p1/4p1B1/8/2N5/PP3PPP/R5K1 w - - 1 20,b2b3 b6f2 g1h1 f2f1 a1f1 f8f1,809,84,95,1036,backRankMate long mate mateIn3 middlegame sacrifice,https://lichess.org/WnvlexF4#39,
Gn2mL,r2qn1k1/pb1pb1pp/1p6/4P3/3p4/2N5/PPP3PP/R1BQ1RK1 w - - 2 17,d1d4 e7c5 d4c5 b6c5,803,90,93,753,crushing middlegame pin short,https://lichess.org/qupdmmBL#33,Italian_Game Italian_Game_Scotch_Gambit
GsNrP,5r1k/p3R1pp/6r1/8/3N4/2PQ2Pq/PP1R1P2/6K1 w - - 1 32,d3f1 g6g3 f2g3 f8f1,1487,75,99,2445,mate mateIn2 middlegame short,https://lichess.org/hPvUmWEe#63,
H2gz1,r7/6pk/p1p2p1p/2Qb4/PP4PP/5P2/4r3/3R2K1 b - - 0 29,d5f3 c5f5 h7h8 f5f3,1126,75,97,3750,advantage endgame fork short,https://lichess.org/bPUJ55jJ/black#58,
H35bv,4r2k/p1p3p1/1pqp4/4bQp1/2P5/1P3R1P/P2B1P2/6K1 w - - 0 30,f5g5 c6f3 g5h4 h8g8,813,86,96,2066,crushing endgame hangingPiece short,https://lichess.org/wIBxCSlb#59,
H4SLV,kr6/p1p2p1p/2n3p1/1B1p1qB1/Pb1P4/1R3N2/6PP/1R4K1 b - - 2 25,b8b5 a4b5 c6d4 f3d4 b4c5 g5e3,1670,76,94,5255,advantage defensiveMove hangingPiece long middlegame,https://lichess.org/BArXKovt/black#50,
HGUAk,8/8/1kn3RQ/1p4K1/6P1/4q3/8/8 w - - 4 56,g5f6 e3e7 f6f5 e7e5,2125,73,94,11557,endgame mate mateIn2 short swallowstailMate,https://lichess.org/w0AehVFw#111,
HICsA,8/5kp1/1p1bp3/p7/3P3N/PPn3P1/5P1P/2B3K1 w - - 5 33,h4f3 c3e2 g1f1 e2c1,680,89,91,903,advantage endgame fork short,https://lichess.org/EdP4FRD2#65,
HMLEM,3r2k1/1p2bp1p/p1b1p1p1/4B3/1q2N3/7P/4QPPK/1BR5 w - - 0 24,c1d1 d8d1 e2d1 c6e4 b1e4 b4e4,1565,75,96,3721,advantage long middlegame,https://lichess.org/r7F7Fxa8#47,
HNKaq,4rr1k/pbq3pp/1ppb1pN1/8/3PR3/1QP2N1P/PP3PP1/R5K1 b - - 3 18,h7g6 e4h4,973,78,94,673,mate mateIn1 middlegame oneMove,https://lichess.org/NM8KhP07/black#36,French_Defense French_Defense_Knight_Variation
HPK6V,r1bn1r2/p4k1p/4pBpP/1p1pPP1Q/8/2P1q2B/PP6/R5RK b - - 0 29,g6h5 g1g7 f7e8 g7e7,906,82,98,1132,epauletteMate mate mateIn2 middlegame operaMate short,https://lichess.org/XSqe3Mum/black#58,
HVFKm,2r2r2/Q4pk1/4b1p1/8/2p1B3/2b1N1P1/P4P1P/6K1 b - - 0 29,c3d2 a7d4 g7g8 d4d2,1170,80,94,17606,advantage fork middlegame short,https://lichess.org/tR2QC9eo/black#58,
HVG3Z,2kr4/ppp3R1/2p5/4p1Q1/4P1n1/2NP1N2/PPP1K1q1/8 w - - 3 26,e2e1 g2f2 e1d1 g4e3 g5e3 f2e3,1295,74,98,2002,advantage exposedKing fork long middlegame,https://lichess.org/sNPVTEEc#51,
HX2E0,6k1/ppp3pp/3q4/1PnP4/2B4Q/8/P5PP/5K2 b - - 0 25,d6f6 h4f6 g7f6 d5d6 g8f8 d6c7,1446,75,91,1193,advancedPawn crushing discoveredAttack discoveredCheck endgame long,https://lichess.org/ZcA4mvo1/black#50,
HYD67,r1bq1rk1/4bp1p/p4npQ/2pN1p2/P7/1B5R/1PP3PP/R5K1 b - - 3 20,f8e8 d5f6 e7f6 h6h7 g8f8 h7f7,1356,77,91,1496,kingsideAttack long mate mateIn3 middlegame,https://lichess.org/2ZO6CNv1/black#40,
HfPt9,r6q/4ppk1/p2p1np1/1p4N1/2p1P1b1/1PNP1P2/1PP2Q2/R3K3 w Q - 0 20,f3g4 h8h1 e1d2 h1a1 e4e5 d6e5,1551,78,93,3434,advantage long middlegame skewer,https://lichess.org/MKZkJYcK#39,
HhBsv,8/7p/5k1P/6p1/4KpP1/5P2/8/8 b - - 2 49,f6g6 e4e5 g6h6 e5f5 h6g7 f5g5,946,78,100,728,crushing endgame long pawnEndgame zugzwang,https://lichess.org/XPps9WlI/black#98,
HkseE,5k2/8/4p2R/p3r2p/8/6P1/P5KP/8 w - - 0 39,g2f3 f8g7 f3f4 e5f5 f4e4 g7h6,1785,75,100,795,crushing endgame long rookEndgame,https://lichess.org/LOcUchDH#77,
HmzbK,5r2/1p1Q1p1k/p1p2Prp/3pq3/6P1/4B2P/P7/R3R1K1 w - - 2 42,g1f2 e5h2 f2f3 g6f6 d7f5 f6f5,2062,75,94,1657,crushing exposedKing long middlegame,https://lichess.org/mBOjYfsk#83,
HrnWh,r4rk1/1p2qppp/p2N4/4P3/3Q1P2/8/2b3PP/R4RK1 b - - 0 21,f7f6 d4c4 g8h8 c4c2,1713,76,94,7790,advantage fork middlegame short,https://lichess.org/b38sjGtB/black#42,
HuS0A,3b4/r5k1/q1r1Bp1p/p1PpQ1pP/Pp1P4/1P3RP1/5P2/4R1K1 b - - 0 38,c6e6 e5e6 a6e6 e1e6,1218,76,100,894,crushing middlegame short,https://lichess.org/wErNSBzZ/black#76,
I9vQT,2r5/p2k2b1/1p4pp/8/3p3B/1PN5/P6P/1K2R3 b - - 0 28,d4c3 e1e7 d7d6 e7g7,926,87,92,633,advantage endgame fork short,https://lichess.org/SsJaeU9l/black#56,
IABSt,5rk1/5ppp/p2R2b1/2Q5/8/6N1/qr3PPP/4R1K1 b - - 0 24,b2f2 c5f2 a2f2 g1f2,1536,77,92,3483,advantage middlegame short,https://lichess.org/QsZrU8M1/black#48,
IDiy2,r4rk1/ppp2ppp/3p4/4p3/2BnPqbR/3P1N2/PPPN1PK1/R2Q4 b - - 10 17,g4f3 d2f3 f4f3 d1f3 d4f3 g2f3,906,84,90,754,advantage long middlegame,https://lichess.org/mrPdIhT5/black#34,Four_Knights_Game Four_Knights_Game_Italian_Variation
ILF66,rn1qk2r/pbpp1p2/1p2p2p/4P1p1/1bPP1n2/5P2/PP1N1BPP/R2QKBNR w KQkq - 3 10,g1e2 f4d3,983,77,90,729,mate mateIn1 middlegame oneMove smotheredMate,https://lichess.org/w1cvonTY#19,Paleface_Attack Paleface_Attack_Other_variations
IQmLA,5q2/4n1bk/3Q2Np/1p1bP3/p1pPp1P1/P1P5/1P1B4/1B4K1 b - - 0 29,e7g6 d6d5 f8f3 d5e4 f3d1 d2e1,2255,86,90,708,crushing defensiveMove hangingPiece long middlegame,https://lichess.org/x0QcFyKM/black#58,
IUbd1,8/1p4pp/p2N1pk1/2n5/P3b1PP/6K1/8/8 b - - 3 38,e4c6 h4h5 g6h6 d6f7,1511,77,93,1487,endgame mate mateIn2 short,https://lichess.org/GQEW3kPH/black#76,
IWBnq,5k2/1p3p2/1q3pN1/p1p5/4PRP1/1rP3PP/1P3R1K/8 b - - 0 39,f7g6 f4f6 b6f6 f2f6 f8g7 f6f2,1762,77,95,1768,advantage defensiveMove endgame exposedKing fork long queenRookEndgame,https://lichess.org/iOPRpDHQ/black#78,
IWdvB,3q1rk1/4ppbp/3p1np1/2p3B1/r3P3/1P1Q1N2/P4PPP/R4RK1 b - - 0 21,a4e4 g5f6 g7f6 d3e4,1024,78,96,2488,advantage capturingDefender intermezzo middlegame short,https://lichess.org/XjyBmskQ/black#42,
IalQm,r5rk/1pp2p1p/p1p4p/b3P3/3P1qN1/1QN4P/PP3P2/R3R1K1 b - - 2 20,g8g4 h3g4 f4g4 g1f1 g4h3 f1e2,1237,84,93,1237,crushing long middlegame,https://lichess.org/BzAsJonb/black#40,
Icakj,rn3rk1/ppp2ppp/1b6/8/2bPNp2/2P2N2/PP4PP/R1B1R2K b - - 1 15,f8e8 e4f6 g7f6 e1e8,764,79,100,775,advantage discoveredAttack kingsideAttack middlegame short,https://lichess.org/JflDG1Er/black#30,Kings_Gambit_Accepted Kings_Gambit_Accepted_Schallopp_Defense
Ich2X,8/p1R3pk/8/3pq1r1/8/5QN1/P5K1/8 w - - 5 33,c7c1 e5b2 g2h3 b2c1,1248,79,91,5202,crushing endgame fork short,https://lichess.org/SpaTPerq#65,
Il4Yy,r1b2r1k/2pnq1b1/p1pp4/P3Np1p/2NP2p1/Q1P1P2P/1P3PPB/R4RK1 b - - 0 18,g4h3 e5g6 h8h7 g6e7,932,78,100,612,crushing fork master middlegame short,https://lichess.org/HjUI0qaW/black#36,London_System London_System_Other_variations
InMI7,8/pp3p2/2p5/2P5/2P2k2/1P3P2/r6P/6RK w - - 2 45,g1g2 a2a1 g2g1 a1g1 h1g1 f4f3,1342,82,93,1586,crushing endgame long rookEndgame,https://lichess.org/z6pVZNd0#89,
IvR4W,2r2r2/5ppk/1q6/1RnQ4/8/5N2/5PPP/3R2K1 b - - 0 24,b6b5 d5h5 h7g8 f3g5 b5b1 d1b1,1787,74,96,2834,crushing long middlegame,https://lichess.org/gw0gtROy/black#48,
IzKMg,4kr2/pp1q1p2/4b3/2rpP3/4N3/P4PQ1/6P1/B2R2K1 b - - 1 29,c5c6 e4f6 e8d8 f6d7,921,80,96,1425,crushing fork master middlegame short,https://lichess.org/In6iYvKC/black#58,
J0A2s,1r4k1/p3ppbp/2p3p1/2p1P1N1/3P1P2/3b4/QBr3PP/3K3R b - - 1 21,b8b2 a2f7 g8h8 f7e8 g7f8 e8f8,1072,88,93,919,kingsideAttack long mate mateIn3 middlegame,https://lichess.org/A01Y4xwz/black#42,
JGPEh,8/1R4p1/6kp/3pB3/1p1P2P1/3b3P/5PK1/1r6 b - - 2 38,h6h5 b7g7 g6h6 g4g5,1148,77,99,2099,endgame mate mateIn2 short,https://lichess.org/YIO7k2zI/black#76,
JH0fI,3r1kr1/5p2/1p5p/p1p1Pp2/5P2/1P5P/PB6/1B4RK w - - 2 36,b1f5 g8g1 h1g1 d8d1 g1f2 d1d2 f2e3 d2b2,955,76,99,1036,advantage attraction endgame exposedKing fork veryLong,https://lichess.org/h5b8LUnp#71,
JNiCJ,8/p5p1/7p/K2n4/3k3P/1P4P1/2B2P2/8 w - - 7 53,a5a6 d5b4 a6a7 b4c2,929,76,100,561,crushing endgame fork short,https://lichess.org/JERvIv1X#105,
JPWZ2,Q7/4bppk/4pn1p/1N2q3/8/2N4P/P2p1PP1/5K1R w - - 2 26,a8f3 e5e1,669,77,100,548,mate mateIn1 middlegame oneMove,https://lichess.org/ey5i7KLH#51,
JW5RD,6k1/3b2pp/2p5/2P3r1/1P1pp2q/2N1Q2P/4RPPK/8 w - - 0 38,e3d4 g5g2 h2g2 d7h3 g2h2 h3g4 h2g1 g4f3 d4d8 h4d8,2272,76,93,2455,attraction crushing discoveredAttack discoveredCheck endgame sacrifice veryLong,https://lichess.org/B7uyIsJw#75,
JWtFu,2k4r/2p2p1p/5np1/pB2n3/4p3/P1P1P3/1P3PPP/3R2K1 b - - 0 24,h8d8 b5a6 c8b8 d1d8,1123,75,95,3935,crushing deflection endgame queensideAttack short,https://lichess.org/skkfxTE2/black#48,
JXjBQ,7r/1b1pkp1p/p1n1pq2/1p4rQ/8/1NPB1R2/PP3PPP/R5K1 w - - 5 20,h5h4 g5g2 g1g2 f6h4,1180,75,96,795,crushing discoveredAttack kingsideAttack middlegame short,https://lichess.org/N43yeeXu#39,
JYppe,r1bqkb1r/pppp1ppp/4B3/4p3/4n3/1Q5N/PPPP1PPP/RNB1K2R b KQkq - 0 7,d7e6 b3a4 c8d7 a4e4,1382,81,92,2441,advantage fork opening short,https://lichess.org/OMIHapzO/black#14,Kings_Pawn_Game Kings_Pawn_Game_Napoleon_Attack
JZ9Qa,r2qk2r/1p3pp1/1pp1P2p/3p1n2/8/1BPP4/PP2QP1P/R3R1K1 b kq - 0 20,e8g8 e6e7 f5e7 e2e7,1691,77,93,524,advancedPawn crushing fork master middlegame short,https://lichess.org/2oZryFMa/black#40,
JoZp7,8/7k/5pp1/7p/3p1P1P/3K2P1/8/8 b - - 0 51,h7h6 d3d4 h6g7 d4d5,1481,75,98,2876,crushing defensiveMove endgame pawnEndgame short,https://lichess.org/ryNAKXjd/black#102,
Jq59F,3r1rk1/8/2p2PB1/p2n2PR/3B4/1Pp5/P4K2/8 b - - 0 38,d5f4 f6f7 f8f7 h5h8,1553,78,95,21315,advancedPawn endgame mate mateIn2 operaMate short,https://lichess.org/rjKty5Z9/black#76,
JrR78,1r1qnrk1/pp1bbppp/4p3/2p1N3/2P2B2/2NP3P/P1P2PP1/R2Q1RK1 b - - 4 14,f7f6 e5d7 d8d7 f4b8,1320,76,98,2974,crushing discoveredAttack middlegame short,https://lichess.org/U6ycISdH/black#28,Sicilian_Defense Sicilian_Defense_Modern_Variations
JsPeI,r1bqkr2/pp1nnB2/2pp1Qp1/4p1Np/4P3/2NP3P/PPP2PP1/R3K2R b KQq - 0 11,f8f7 f6f7,1067,80,95,1392,attackingF2F7 mate mateIn1 middlegame oneMove,https://lichess.org/CvbGsjJ4/black#22,Philidor_Defense Philidor_Defense_Other_variations
JxMzC,r5k1/pppQ1ppp/8/2qPr3/2PN4/3B3P/P5P1/5R1K b - - 0 20,c5d4 d7f7 g8h8 f7f8 a8f8 f1f8,964,81,95,571,endgame long mate mateIn3 sacrifice,https://lichess.org/Ccz71bEC/black#40,
K2oS1,2Q5/p7/4N1p1/5pk1/4p2p/7K/8/q2n4 b - - 1 48,g5f6 c8h8 f6e6 h8a1,1374,75,100,1644,advantage endgame short skewer,https://lichess.org/AAOFCcby/black#96,
K2uJR,8/5pk1/6pp/1p4b1/p2P4/2Q2K2/8/Nr6 w - - 2 39,a1c2 b1b3 c3b3 a4b3,1466,74,94,15831,crushing endgame pin short,https://lichess.org/fXlsaz9Q#77,
K4rPA,r1b1k2r/pp3ppp/5n2/3q4/1b1pp3/1P1P1N2/PBP1KPPP/R2Q1B1R w kq - 0 11,d3e4 d5e4,854,78,98,1944,mate mateIn1 oneMove opening,https://lichess.org/j2rAXV5f#21,Sicilian_Defense Sicilian_Defense_Old_Sicilian
K77ST,8/pN3pp1/5nk1/3R4/8/2r2Pn1/P5P1/R5K1 w - - 1 25,d5d4 g3e2 g1f2 e2d4,891,82,95,570,advantage endgame fork master short,https://lichess.org/OLHzZpjx#49,
K9ZDD,3r1k1r/ppq2Bp1/2n2b2/8/5NQ1/1P6/P4PP1/4RRK1 b - - 0 26,f8f7 g4e6 f7f8 f4g6,1935,81,92,687,mate mateIn2 middlegame short,https://lichess.org/88nSENmN/black#52,
KC0G3,k6r/p2Q1p2/2p2p2/2PP4/q5P1/4b3/4K1P1/1R2N3 b - - 2 36,e3c5 d7b7,981,76,98,684,endgame mate mateIn1 oneMove,https://lichess.org/DYomNslS/black#72,
KH9Qp,3r1rk1/pp1n1p1p/2n5/q2R4/N3B1bp/1P4P1/PQ2PP1P/R5K1 b - - 1 19,a5b4 d5g5,956,77,98,2499,mate mateIn1 middlegame oneMove,https://lichess.org/zMta5Mmy/black#38,Nimzo-Larsen_Attack Nimzo-Larsen_Attack_Classical_Variation
KHahs,4r1k1/5p1p/p2P2p1/1b1QNq2/8/6PP/6PK/3R4 w - - 5 29,e5c6 f5d5 d1d5 b5c6,1291,77,93,25043,capturingDefender crushing endgame short,https://lichess.org/IpOsg5co#57,
KOGOg,8/3r1p1k/4p1pp/2q5/Q3B3/4P1P1/3n1P1P/6K1 w - - 2 33,a4d7 c5c1 g1g2 c1f1,1324,76,96,15068,endgame mate mateIn2 short,https://lichess.org/9q4rCq8l#65,
KyGMM,2r5/3k3p/2q1pBr1/4Pp2/1Qnp4/P6P/6P1/R5RK b - - 6 34,c4e3 b4e7,864,83,95,862,mate mateIn1 middlegame oneMove swallowstailMate,https://lichess.org/mgHx0Dw8/black#68,
L5s0u,4r3/8/8/p2Rpk2/2P4p/1P3K1P/Pr6/3R4 w - - 0 39,d5a5 e8g8 a5e5 f5e5,1728,75,94,1740,crushing endgame quietMove rookEndgame short,https://lichess.org/8tMKhGtX#77,
L6Ova,r3k2r/2q2pp1/p3b3/1pb1p2p/1N6/P1Q2P2/1PP1B1PP/R3K2R b KQkq - 2 18,e8c8 b4a6 c5f2 e1f2 c7c3 b2c3,1005,79,94,577,crushing long middlegame,https://lichess.org/rjFrEjVs/black#36,Sicilian_Defense Sicilian_Defense_Najdorf_Variation
L7XR1,8/1p4pk/2p4p/1p2p3/1P1p1nPn/P2P1r2/2PB1P1K/4RR2 w - - 6 33,e1e5 f3h3 h2g1 h4f3,1077,76,100,1738,endgame mate mateIn2 short,https://lichess.org/pplUOBEe#65,
L7bC4,r1bq1rk1/p2n1pp1/2pp3p/3p1QN1/3Pp2P/3BP3/PPP2PP1/R3K2R b KQ - 1 14,e4d3 f5h7,906,79,100,532,mate mateIn1 middlegame oneMove,https://lichess.org/Oljv86I2/black#28,Horwitz_Defense Horwitz_Defense_Other_variations
LAa6x,2r2rk1/ppq2ppp/4p3/1b2Pn2/3p1P2/P2B3Q/1PP1N1PP/2KR3R w - - 2 23,e2d4 b5d3 h3d3 f5d4,1874,79,96,15810,advantage intermezzo middlegame pin short,https://lichess.org/ZTZfWhro#45,
LDa6I,7k/6p1/5p1p/8/3pP1P1/2p4P/Pr3P2/3Q2K1 w - - 0 38,d1d4 b2b1 g1g2 c3c2 d4d8 h8h7 d8d3 c2c1q,955,87,96,2260,advancedPawn crushing endgame promotion queenRookEndgame veryLong,https://lichess.org/TPwR5ut6#75,
LJ3Ej,1k1r1b1r/p2b1pp1/B6p/2pp4/3Q1BPq/8/PPP2P2/R3K1R1 b Q - 1 17,b8a8 d4d5 d7c6 d5c6,856,79,91,507,mate mateIn2 middlegame queensideAttack short,https://lichess.org/tnlkmUPs/black#34,Sicilian_Defense Sicilian_Defense_Scheveningen_Variation
LQPUD,1nb1r1k1/pp3pp1/7p/2qN1n2/2B5/3Q4/PP3PPP/R3N1K1 w - - 0 23,a1c1 b7b5 d5f6 g7f6 c4f7 g8f7 c1c5 e8e1 d3f1 e1f1,2088,83,91,1199,crushing middlegame veryLong,https://lichess.org/6ZAKLCPl#45,
LU49A,r4rk1/1p2ppbp/p1b3p1/q3P2n/3B2Q1/1BN4P/PPP3P1/R4R1K b - - 2 16,g7e5 f1f5 h5g3 g4g3 e5g3 f5a5,2373,85,93,6678,advantage long middlegame pin,https://lichess.org/4fCvdvTh/black#32,Sicilian_Defense Sicilian_Defense_Accelerated_Dragon
Li5md,4r1k1/5ppp/p2p4/8/2P2Prn/1P2Q3/P7/3R1RK1 w - - 0 28,g1f2 g4g2 f2e1 e8e3,1149,88,93,4746,endgame epauletteMate mate mateIn2 short,https://lichess.org/pvYl2rdV#55,
Lp3Rq,r2q2n1/ppp2pk1/7p/3p1BP1/3P3Q/2P1rP2/P4R2/R5K1 b - - 2 23,d8g5 f2g2 g7f6 g2g5,1639,77,94,8660,advantage defensiveMove middlegame pin short,https://lichess.org/Ijvn6iOE/black#46,
LztqT,1k5r/1b2P1p1/p5q1/2R5/4r3/1B5P/PPP1Q1P1/R5K1 w - - 5 32,e2f3 e4e1 a1e1 b7f3,946,78,100,580,advantage discoveredAttack middlegame pin short,https://lichess.org/kz2wuqr1#63,
M5gin,6k1/pp3pbp/6p1/4p3/4b3/4P2P/PP1rBPPB/2R2K2 b - - 5 24,e4g2 f1g2 d2e2 c1c8 g7f8 h2e5,1028,82,94,1303,crushing deflection endgame long,https://lichess.org/p7OVh7SO/black#48,
M707R,8/2pq3k/2R4p/3P1p2/5P2/1P1Q3P/4p1PK/4r3 w - - 0 38,h2g3 d7g7 g3h2 e1h1 h2h1 e2e1q,1387,76,94,1394,advancedPawn advantage attraction endgame long promotion,https://lichess.org/ve1Ye5Xl#75,
M9Itt,6k1/p4rb1/1p5B/5P2/6K1/P2p4/6R1/8 w - - 0 43,h6g7 f7g7 g4f3 g7g2 f3g2 d3d2,875,77,98,959,advancedPawn crushing endgame long,https://lichess.org/eZjmAkCZ#85,
MEifv,r5k1/1p3ppp/4p3/2Pp4/3P4/6P1/5PKP/1R6 b - - 0 25,a8a7 c5c6 b7b6 b1b6 g7g5 b6b7,1482,78,93,795,crushing endgame long rookEndgame,https://lichess.org/OcULxsA5/black#50,
MJ1A5,rn3rk1/pp3Npb/2p4p/b4p1P/2BP3q/2P5/PP2QPP1/R1B2K2 b - - 0 16,f8f7 e2e8,933,80,100,562,mate mateIn1 middlegame oneMove pin,https://lichess.org/dIDUMEaw/black#32,Caro-Kann_Defense Caro-Kann_Defense_Classical_Variation
MNCGy,r3k2r/pq1b2pp/1p1Ppp2/4n3/2P5/B7/PP1QBP1P/R3K1R1 w Qkq - 3 19,g1g7 b7h1 e2f1 e5f3 e1e2 f3d2,1131,86,94,1583,advantage fork long middlegame,https://lichess.org/Szh2o460#37,
MVspA,3r1rk1/1bp1q1b1/p3p1Bp/1p2N3/1P1P1p1P/P2Q2P1/5P2/R4RK1 b - - 2 30,f4g3 g6h7 g8h8 e5g6 h8h7 g6e7,1301,75,95,17884,crushing discoveredAttack discoveredCheck exposedKing fork long middlegame,https://lichess.org/sYDsDd3v/black#60,
MYrBd,r1b2rk1/pp1nb1p1/1qn1p3/3pPpN1/3P1N1P/5Q2/PP3PP1/R1B1K2R b KQ - 3 15,e7b4 e1f1 d7f6 e5f6,2045,75,92,1208,crushing defensiveMove middlegame short,https://lichess.org/KbY9KU2k/black#30,French_Defense French_Defense_Classical_Variation
MiTSF,7k/5p1p/1p6/1PpbP1B1/3p2R1/3P4/r6P/4K3 b - - 0 37,a2h2 g5f6,646,81,100,944,endgame mate mateIn1 morphysMate oneMove,https://lichess.org/Wi29KGzJ/black#74,
MjypZ,r2qkbnr/pppn1Bpp/3p4/4N3/4P3/2N4P/PPPP1PP1/R1BbK2R b KQkq - 0 7,e8e7 c3d5,986,78,95,2378,mate mateIn1 oneMove opening,https://lichess.org/yTLZ4quG/black#14,
MlXLH,8/p1p1N3/6kp/1p4p1/4K3/2P5/Pn4PP/8 b - - 9 33,g6f6 e7d5 f6e6 d5c7 e6d7 c7b5,993,90,95,1562,advantage endgame knightEndgame long,https://lichess.org/G2FpOHRW/black#66,
Mnxiv,1r1qkb1r/2p3pp/p2p1p1n/1p1Bp3/3nP1b1/3P2QN/PPP2PPP/RNB2RK1 w k - 4 11,c1h6 d4e2 g1h1 e2g3,961,84,94,909,advantage fork middlegame short,https://lichess.org/fokTenr0#21,Italian_Game Italian_Game_Paris_Defense
MqV7x,2b3rk/3p2rp/p1pQp3/K1P1Ppq1/1P6/P2R1B1P/6P1/3R4 w - - 21 49,a3a4 g5d8 d6c7 d8c7,995,76,96,752,mate mateIn2 middlegame short,https://lichess.org/bFdvnzz9#97,
Mqac4,5rk1/p1p3p1/1p1pp3/5p2/2PP1P1q/P1P1P1pr/4B1RP/4Q1RK w - - 0 26,e2f3 h3h2 g2h2 h4h2,974,78,92,894,kingsideAttack mate mateIn2 middlegame short,https://lichess.org/MNjJCnsr#51,
MuHo7,6k1/8/P7/1B1b4/1KN2P1p/4P3/1P6/4r3 w - - 1 39,b4c5 h4h3 c5d5 h3h2 d5c5 h2h1q,1927,76,91,1387,advancedPawn crushing endgame long promotion sacrifice,https://lichess.org/yAF0ADZ4#77,
MyuMV,3r4/p3R1pp/kqp5/3b4/8/3Q4/PP4PP/K7 b - - 9 29,b6b5 d3a3 b5a5 e7a7 a6a7 a3a5,1566,76,94,879,attraction crushing deflection endgame exposedKing long,https://lichess.org/mmHNtQiO/black#58,
NAFRL,2q2k1r/4b1p1/pB1pPn2/1p2p2p/7r/1N6/PPP3Q1/1K1R1R2 b - - 0 25,c8e6 g2a8 f8f7 a8h8,1173,75,95,18402,advantage middlegame short skewer,https://lichess.org/Y1Iyafrh/black#50,
NDetQ,7r/2NQpk2/3p1q2/2p2pp1/p1p4P/P2b2P1/6BK/4R3 b - - 10 35,g5h4 g2d5 f7g6 e1e6,1622,77,94,3475,crushing master middlegame pin short,https://lichess.org/ICGNxwqx/black#70,
NF1f3,r4rk1/pb2p2p/1p4p1/8/5PpP/1PRP2q1/P2KQ3/2R3B1 b - - 1 25,b7f3 e2e6 f8f7 c3c8,1026,86,95,2971,crushing middlegame pin short,https://lichess.org/bkM0sHZe/black#50,
NMmNd,8/p7/1p1p4/2pk2R1/r7/2P5/4K1P1/8 b - - 0 53,d5c4 g5g4 c4b5 g4a4 b5a4 g2g4 a4b5 g4g5 b5c4 g5g6,1592,77,94,11745,crushing endgame quietMove rookEndgame veryLong,https://lichess.org/cRJoo6ff/black#106,
NPZIz,r1b2rk1/pp3ppp/2n2n2/1BqNN3/8/4B3/PPP2KPP/R2Q3R b - - 2 12,c5d5 d1d5 f6d5 e5c6 b7c6 b5c6,1776,76,93,2687,crushing long middlegame,https://lichess.org/Da8bgkDa/black#24,Sicilian_Defense Sicilian_Defense_Marshall_Gambit
NeLKL,r5k1/ppq1rp2/2pbn1pQ/3p4/3P4/2PBB3/PP3PP1/R3R1K1 b - - 1 22,d6f4 e3f4 e6f4 e1e7 c7e7 h6f4,1338,78,93,2894,crushing discoveredAttack long middlegame,https://lichess.org/mp8xTVel/black#44,
Nh5i3,5rk1/5p1R/1p2r1p1/2p5/4PP2/PPK4R/8/8 b - - 0 31,e6e4 h7h8 g8g7 h3h7 g7f6 h8f8,972,78,95,1157,crushing deflection endgame long rookEndgame,https://lichess.org/oHRq4lRF/black#62,
NjttY,1R6/R4pk1/7p/1B4p1/8/6PK/3r1r1P/8 w - - 0 39,b8b7 h6h5 b7f7 f2f7 a7f7 g7f7,2218,74,92,4676,crushing endgame long quietMove,https://lichess.org/zVgr7PMH#77,
Np3OD,3r1rk1/R4pp1/N3p3/1p1pP2p/1n1P2b1/n4N2/4BPPP/5RK1 b - - 0 26,d8a8 a7a8 f8a8 a6b4,1272,78,94,16649,advantage middlegame short,https://lichess.org/Zu2s1czJ/black#52,
Nq3M5,1r4k1/5pp1/8/1N2p2p/2P5/2Nnq1P1/1p4KP/1R3Q2 w - - 0 35,f1f3 d3e1 b1e1 e3e1,1235,76,96,10595,crushing fork master masterVsMaster middlegame short,https://lichess.org/zcnUOHB6#69,
NqZ5V,r6k/2p2rpp/p2pnq2/1p2P3/8/1P1B2Q1/P2N1PP1/6KR b - - 0 25,f6g5 h1h7 h8g8 g3h3,1965,79,92,9323,crushing middlegame short,https://lichess.org/sUhU5HMn/black#50,
NtIok,1r3k2/p1R2pp1/bpp1p2p/4P3/2P1BP2/6P1/PP5P/6K1 w - - 5 23,c7c6 a6b7 c6c7 b7e4,1468,75,93,15055,advantage endgame short skewer,https://lichess.org/YEgIRmzp#45,
NuxAi,r2qkb1r/ppp3p1/8/4np2/3pNBp1/1P1P4/1PP2PP1/R2Q1RK1 w kq - 0 15,f4e5 d8h4 f2f3 f5e4,2120,80,91,1497,crushing middlegame short,https://lichess.org/GS7DK9Ux#29,Zukertort_Opening Zukertort_Opening_Lemberger_Gambit
O325I,7k/5p2/2p2P2/p1N2Q2/P6q/6PP/1PP1r3/7K b - - 2 39,h4g3 f5h5 h8g8 h5e2,1241,82,93,1150,crushing endgame fork master short,https://lichess.org/EM1A7127/black#78,
O4cpq,rn5r/pp2kpp1/2p1bn1p/4P3/1b6/2N2P2/PP1B2PP/R3KBNR b KQ - 0 11,f6d5 c3d5 c6d5 d2b4,891,79,97,603,advantage discoveredAttack master middlegame short,https://lichess.org/EebgdDvK/black#22,English_Opening English_Opening_Caro-Kann_Defensive_System
O8wfS,5rk1/3p2pr/2qN1Q2/2B5/bP2P1R1/P5p1/2PR2P1/6K1 w - - 1 32,f6g6 c6c5 b4c5 h7h1 g1h1 f8f1,2270,88,90,1914,attraction long mate mateIn3 middlegame sacrifice,https://lichess.org/Tz89utdf#63,
ODz0o,4r2k/pQ4p1/7p/8/8/7P/P3q1P1/5R1K w - - 2 37,f1f7 e2d1 h1h2 d1d6,1744,75,96,1998,crushing endgame short,https://lichess.org/cQFyrGqR#73,
OIC0H,1k5r/pppQ2pp/6r1/8/2P1qB2/5bP1/PP2nK1P/3R1R2 b - - 3 22,h8c8 d7c7 c8c7 d1d8,1681,75,94,2015,clearance mate mateIn2 middlegame pin queensideAttack sacrifice short,https://lichess.org/EXSx25cw/black#44,
ONUGp,r4r2/ppp1q1k1/3p2pN/3P3p/1PP1p1P1/4Q2P/P4P1K/4R3 b - - 0 28,f8f3 e3f3 e7e5 f3g3,1646,78,90,2260,advantage endgame master short,https://lichess.org/NspuarwG/black#56,
OPWhq,r3r2k/2q4P/p3pP1B/8/2p5/PpPp1B2/1P3P2/R1Q1K2b b Q - 0 30,h1f3 h6g7 c7g7 f6g7,931,87,96,2061,advancedPawn crushing kingsideAttack middlegame short,https://lichess.org/dIVt5Qal/black#60,
OR1xk,3R4/4QrkR/p5p1/1p3b2/2q1p3/P3P3/5PP1/3K4 b - - 12 38,g7h7 e7h4 h7g7 h4h8,1319,75,90,1633,endgame mate mateIn2 short,https://lichess.org/EnKMK59h/black#76,
OTK8j,6k1/p2q2p1/3p2Pp/1p1Pp3/4Brn1/2Q5/PP6/2R3K1 b - - 3 31,g4f2 c3c8 d7c8 c1c8 f4f8 c8f8 g8f8 g1f2,983,81,96,2301,crushing endgame veryLong,https://lichess.org/PrWvKF2F/black#62,
OWHzy,3r1rk1/pb3R2/4p1p1/2p1P3/2P5/8/P1P2QPP/6K1 w - - 1 24,f2f6 d8d1 f6f1 d1f1,864,78,100,610,crushing endgame short,https://lichess.org/94HArRjK#47,
OYZdG,8/p7/2K5/7p/1P1P1n2/P1N5/5k2/8 w - - 0 44,c3d5 f4d5 c6d5 h5h4 d5e6 h4h3 d4d5 h3h2 d5d6 h2h1q,973,82,94,641,advancedPawn crushing endgame knightEndgame promotion quietMove veryLong,https://lichess.org/gyjEfwQy#87,
OejwP,r3rQk1/pp1qp2p/2p1b1pB/3n4/4N3/1P1P3P/1PP2RP1/5RK1 b - - 4 21,e8f8 f2f8 a8f8 f1f8,944,86,90,594,kingsideAttack mate mateIn2 middlegame operaMate short,https://lichess.org/QByyKF6g/black#42,
OgkTh,r1q1k2r/pp3p1p/2n3pn/3NP3/8/Q7/PPP2PPP/3R1RK1 b kq - 4 16,h6f5 d5f6,981,76,100,621,mate mateIn1 middlegame oneMove,https://lichess.org/X1KrUFfA/black#32,Caro-Kann_Defense Caro-Kann_Defense_Other_variations
OkIdu,r4rk1/5ppp/p1pb4/1p5q/3P1n2/1BP2NBb/PP3PP1/R2QR2K w - - 0 21,g2h3 h5h3 f3h2 h3g2,993,77,99,518,kingsideAttack mate mateIn2 middlegame short,https://lichess.org/MZJ1xTHG#41,
OlGdD,5bk1/2R2p2/4p1p1/1p2Pn2/1r4PQ/7P/1P3P2/6K1 w - - 0 32,g4f5 b4h4 f5e6 f7e6,1119,80,90,650,advantage endgame hangingPiece short,https://lichess.org/sm1D7UHK#63,
OrJWt,k1r5/1p6/p3qRb1/3pB3/1P1Pp3/8/P1P1Q3/2K5 b - - 3 44,e6e8 f6a6 b7a6 e2a6,972,77,98,644,endgame mate mateIn2 sacrifice short,https://lichess.org/MgYJheTU/black#88,
OzMKA,3Q2k1/5r1p/p2p2p1/2pPp3/1p6/1P4RR/q4rPK/8 b - - 5 45,g8g7 h3h7 g7h7 g3h3 h7g7 d8h8,1948,79,95,14200,attraction endgame long mate mateIn3 sacrifice,https://lichess.org/Y3PybkRo/black#90,
P089h,8/6R1/5P1k/1p2Pn1p/1p1K2p1/1P6/8/8 w - - 21 61,d4e4 f5g7 f6f7 g7e6,1381,76,94,19009,crushing defensiveMove endgame short,https://lichess.org/dPJfmYmt#121,
P2m1U,3q2k1/5pp1/p2rp2p/8/3PQ3/1P2P1P1/P4PKP/2R5 w - - 6 27,c1c6 d8a8 d4d5 e6d5 c6d6 d5e4,1748,78,93,4669,advantage endgame long,https://lichess.org/kAeCIYoo#53,
P3w0s,r5k1/p2p1rBp/3bp3/3p2R1/2b3Q1/1N6/PPP2qPP/R5K1 w - - 0 19,g1h1 f2f1 a1f1 f7f1,851,78,93,879,kingsideAttack mate mateIn2 middlegame sacrifice short,https://lichess.org/nHJG2eAN#37,Nimzowitsch_Defense Nimzowitsch_Defense_Pseudo-Spanish_Variation
P7oZU,2k1r3/p1p2p1p/3b3p/7q/1PB5/P2RN3/2P2P2/3R1K2 b - - 2 22,d6f4 c4a6 c8b8 d3d8 e8d8 d1d8,1264,79,92,5346,long mate mateIn3 middlegame pillsburysMate queensideAttack,https://lichess.org/gaZhxcxM/black#44,
PERPe,r5k1/pp3p2/2p1r2P/3pB3/3Pb1q1/P7/1P1QR1PP/R5K1 w - - 3 29,d2f4 g4e2 h6h7 e4h7,1858,76,94,2238,crushing hangingPiece middlegame short,https://lichess.org/pDYYURq2#57,
PH4Y0,5r1k/1pp4p/3pP2Q/p6R/2P1p1N1/8/P1q1K1PP/8 w - - 4 41,e2e3 c2d3,1168,89,91,541,endgame master mate mateIn1 oneMove,https://lichess.org/gRwNWzTi#81,
POstr,r3r1k1/1p1q1pb1/p1p1b1p1/P1Bp3p/N3n3/1B3Q1P/1PP2PP1/3RR1K1 w - - 2 24,e1e4 d5e4 d1d7 e4f3,1446,75,96,2471,advantage middlegame short,https://lichess.org/2VsWZKEW#47,
PRSmn,8/p2K2p1/2P2k1p/1n3p2/1PB5/4p2P/8/8 b - - 1 51,f5f4 c4b5 f4f3 c6c7 e3e2 c7c8q,1206,77,95,9601,advancedPawn crushing endgame hangingPiece long promotion,https://lichess.org/4dfwUggP/black#102,
PSpbb,8/4k3/4np2/1p2pK1P/1P2P3/3N4/8/8 b - - 0 47,e6g7 f5g6 g7e6 h5h6 e6f8 g6g7,976,76,98,537,crushing endgame knightEndgame long,https://lichess.org/SyyfmCyN/black#94,
PU9fu,2kr4/ppp2ppp/5n2/8/1PPn4/P3r1qP/4NQP1/R3KBNR w KQ - 2 16,f2g3 d4c2 e1f2 f6e4,1924,79,95,16926,fork mate mateIn2 middlegame short,https://lichess.org/iQwq6ynu#31,Scandinavian_Defense Scandinavian_Defense_Icelandic-Palme_Gambit
Pabzg,2r2r2/pp3pk1/4ppp1/1b5q/3P2P1/PB1QN3/1P3P1b/2RR3K b - - 0 25,h5h3 e3f5 e6f5 d3h3,1461,74,100,2691,advantage discoveredAttack middlegame short,https://lichess.org/Hz7Agov1/black#50,
PeD20,1k1r3r/1p5q/p3Q3/4P1p1/8/5PP1/PPR2RKP/8 w - - 3 35,g2f1 d8d1 f1g2 h7h2,1692,78,92,2286,endgame mate mateIn2 short,https://lichess.org/ChRwfsna#69,
PfJaC,r2qkbnr/pp1b1ppp/2n1p3/1N1p4/Q4B2/5N2/PPP1PPPP/R3KB1R b KQkq - 4 7,g8f6 b5c7 d8c7 f4c7,1502,75,96,18680,crushing fork opening short,https://lichess.org/eYet1kvh/black#14,Queens_Pawn_Game Queens_Pawn_Game_Zukertort_Variation
PmV7r,8/8/1R2b3/1p1kP3/1n3K2/8/8/8 b - - 1 58,e6d7 b6d6 d5c4 d6d7,982,75,97,516,crushing endgame fork short,https://lichess.org/QOalTjK3/black#116,
Pmhyr,3k3r/N1p4p/1pQp4/5qp1/1PP5/2b1B2P/6P1/R3K2R w KQ - 1 31,e1e2 f5c2 e2f1 c2d3 f1f2 h8f8,2124,76,92,2901,advantage exposedKing fork long middlegame,https://lichess.org/8YofqVTE#61,
PqcHs,r3k2r/1pp2pp1/p1n1bq1p/3pN3/Qb1P4/2N5/PPP2PPP/R3KB1R b KQkq - 1 11,b7b5 f1b5 a6b5 a4a8,1590,76,94,7014,advantage middlegame pin short,https://lichess.org/5ISadRCr/black#22,French_Defense French_Defense_Exchange_Variation
PrcaF,8/8/6p1/p1r1k2p/P2R3P/3K1P2/8/8 w - - 0 43,d3e3 c5c3 d4d3 c3d3 e3d3 e5f4 d3e2 f4g3,1171,76,100,547,crushing endgame rookEndgame veryLong,https://lichess.org/UW7Rac7v#85,
PtA5u,r1b2q1k/3p2b1/2p4R/p4rQ1/1p6/PB6/1PP2PP1/1NK4R b - - 0 24,g7h6 h1h6 f8h6 g5h6,1150,75,95,4797,kingsideAttack mate mateIn2 middlegame short,https://lichess.org/d0qsn2fP/black#48,
PulBk,1k6/1pp1pp2/r2q2r1/3P4/2PQ2pp/8/5PPP/R4RK1 b - - 3 35,f7f6 a1a6 d6a6 f1a1 a6a1 d4a1,1293,84,91,1016,clearance crushing endgame long,https://lichess.org/14MYRHYJ/black#70,
Q1oC1,7k/pn1b1p2/5q2/3P2pN/8/3Q2P1/P4P1P/4rBK1 b - - 1 28,d7h3 h5f6 e1f1 d3f1 h3f1 g1f1,909,77,100,634,advantage hangingPiece long middlegame,https://lichess.org/HZFYoXX5/black#56,
Q27lW,6rk/1R5p/8/1P3pN1/7K/7P/7r/8 b - - 2 41,g8d8 g5f7 h8g7 f7d8,984,84,93,1294,crushing discoveredAttack discoveredCheck endgame fork short,https://lichess.org/MRCVuCcB/black#82,
Q6kyC,b1r2r2/4R3/pk4Rp/1p1p4/1P3N2/5P2/P4bPP/7K b - - 2 36,c8c6 f4d5,946,77,99,1467,mate mateIn1 middlegame oneMove,https://lichess.org/ay0nsfQ5/black#72,
QDVa0,r1q1kb1r/1Q2pp1p/p1n1b1p1/3n4/2BP4/5N2/PP1B1PPP/RN2K2R w KQkq - 1 11,c4a6 a8a6 b7c8 e6c8,1200,81,90,1884,advantage middlegame short,https://lichess.org/O6kbOeQG#21,Caro-Kann_Defense Caro-Kann_Defense_Panov_Attack
QH59r,r3k2r/1p2bppp/pqn1pB2/1B1p4/Q2P4/2N2P2/PP3PPP/R3R1K1 b kq - 0 12,e7f6 c3d5 b6b5 d5c7 e8d7 c7b5,1629,73,95,13840,crushing fork long middlegame pin sacrifice,https://lichess.org/D5tOJf4I/black#24,Slav_Defense Slav_Defense_Modern_Line
QJZc9,8/6pk/p7/1p3P1p/1P5q/P3KP2/4Q3/8 w - - 0 48,f3f4 h4e7 e3f2 e7e2,1797,83,92,1808,crushing endgame queenEndgame short,https://lichess.org/8V9NIIP7#95,
QLueX,8/8/p7/1b2R3/3p4/1Pk2PK1/8/8 w - - 1 51,f3f4 d4d3 g3f2 d3d2 e5c5 c3d4 c5b5 d2d1q,2341,76,93,2163,advancedPawn advantage defensiveMove endgame promotion veryLong,https://lichess.org/P8nxBiVr#101,
QbKO3,r7/2pr3R/1p4pn/pP1P2qk/P1P1p1Np/8/4Q1P1/6K1 b - - 0 38,d7h7 g4f6,904,84,91,2149,discoveredCheck doubleCheck endgame mate mateIn1 oneMove,https://lichess.org/kOOPY5S5/black#76,
Qdt7R,2k5/7R/3p4/3PpK2/4P3/8/8/4r3 b - - 16 60,c8d8 f5e6 e1e4 e6d6,1485,76,91,1703,crushing endgame rookEndgame short,https://lichess.org/oF90DAdA/black#120,
QeAzw,3rR2k/pp4p1/7p/6q1/8/2Pn4/PPK1Q3/8 b - - 1 38,h8h7 e2e4 g5g6 e4g6 h7g6 e8d8,1781,75,99,1299,advantage endgame long,https://lichess.org/AwkjZEtf/black#76,
QlsyF,8/8/8/p2p2K1/2pk4/P7/1PP5/8 w - - 1 62,g5f4 a5a4 c2c3 d4d3 f4e5 d3c2 e5d5 c2b2 d5c4 b2a3,2082,74,94,2985,crushing endgame pawnEndgame quietMove veryLong,https://lichess.org/Bk1uZ87r#123,
QwleZ,4r1k1/pp5p/6p1/1RQN2q1/8/3P4/4K1PP/5r2 w - - 5 31,e2f1 g5f5 c5f2 f5d3 f1g1 d3d1 f2f1 e8e1,2193,88,90,1000,crushing endgame fork pin veryLong,https://lichess.org/nQDgpwkK#61,
Qxqiy,1r4k1/5p1p/1qP1p3/8/2Q1PB2/2Pn2P1/5nBP/R5K1 w - - 2 26,f4b8 f2h3 g1f1 b6f2,1321,77,95,40699,discoveredCheck doubleCheck mate mateIn2 middlegame short,https://lichess.org/ODpOZ5Hs#51,
QyKxF,2k4r/Rb1r1pp1/4p3/Rp5p/2p5/2P2PP1/1P2BK1P/8 b - - 1 27,d7d5 a7a8 b7a8 a5a8 c8d7 a8h8,933,87,91,1174,advantage endgame exposedKing long queensideAttack sacrifice skewer,https://lichess.org/fqLp2mj7/black#54,
R6dPH,r2q1n1k/p4p1r/1p2p1P1/2pp3P/3P1Q2/2P1PP2/P1P5/2KR3R b - - 0 21,f7g6 h5g6 f8g6 h1h7 h8h7 f4f7,2234,89,90,1669,attraction crushing discoveredAttack exposedKing kingsideAttack long middlegame,https://lichess.org/ksIgNp9W/black#42,
RHcxU,r1bq1rk1/ppp1bpp1/2p4p/8/4n2B/2N2Q2/PPP2PPP/R3KB1R w KQ - 0 10,h4e7 d8d2,915,87,96,524,mate mateIn1 oneMove opening,https://lichess.org/775ARbrt#19,Scotch_Game Scotch_Game_Other_variations
RMsMO,8/1R3p1p/4pk2/3p1p2/3P4/5KPr/8/8 b - - 11 39,h7h5 f3g2 h3g3 g2g3,1599,75,94,11084,advantage endgame rookEndgame short trappedPiece,https://lichess.org/aY2CbcJV/black#78,
RQAXe,r4k2/p4p1p/5p2/5N2/6R1/1q6/1P3PP1/4R1K1 b - - 3 29,a8e8 g4g8 f8g8 e1e8,1676,74,98,7145,attraction deflection endgame mate mateIn2 short,https://lichess.org/mMtKl32m/black#58,
RVMW7,2kr2r1/ppq2pp1/2bbpn2/8/2P4p/1P1BP2P/PBQN1PP1/R4RK1 w - - 2 16,d2e4 d6h2 g1h1 d8d3,1937,76,93,2818,advantage discoveredAttack middlegame short,https://lichess.org/hlXzpcpQ#31,Queens_Pawn_Game Queens_Pawn_Game_Other_variations
RgApk,8/8/p1p3p1/P2kp1p1/1P6/2K2PPP/8/8 b - - 4 42,d5d6 c3c4 d6e6 c4c5 e6d7 c5b6,1561,75,98,8889,crushing endgame long pawnEndgame zugzwang,https://lichess.org/BQvbcsCI/black#84,
RgnGn,2r2r2/R5pk/2B2qp1/2QP3p/8/4P3/5PPP/R5K1 w - - 1 30,c5d4 f6f2 g1h1 f2f1 a1f1 f8f1,935,88,93,1199,backRankMate long mate mateIn3 middlegame sacrifice,https://lichess.org/OkHybef2#59,
RtoqM,r7/3k1p1p/6p1/2K5/1pP1P3/3p4/6PP/1R6 w - - 0 40,c5b4 a8b8 b4c3 b8b1,992,88,96,4123,crushing endgame rookEndgame short skewer,https://lichess.org/ZJy4lGZx#79,
S6gLM,5r2/pkp3p1/1p6/1Pbp3p/7P/6P1/1P1R1PK1/R7 w - - 4 27,a1e1 c5b4 d2d1 b4e1,1372,76,100,1382,advantage endgame short,https://lichess.org/dA0Fx0TJ#53,
S7Obw,rnb4r/ppp3p1/3bpk1p/4q3/4B1Q1/2P5/PP1N1PPP/R3K2R b KQ - 2 14,e5f4 g4g6 f6e7 g6g7 e7d8 g7h8,1035,76,100,718,advantage deflection fork long middlegame,https://lichess.org/6znjLPrB/black#28,French_Defense French_Defense_Knight_Variation
SBMUd,5r1k/2b3pp/p2q3r/1p4N1/3P4/1QP1P1P1/P4P1P/5RK1 b - - 2 28,h6h2 g5f7 f8f7 b3f7,1181,78,94,754,advantage fork middlegame short,https://lichess.org/ZhyTp962/black#56,
SEICX,1k6/1pQ3p1/pP6/8/6q1/2P3r1/P3rP1K/5R2 b - - 3 40,b8a8 c7d8 g4c8 d8c8,1153,81,94,4590,endgame mate mateIn2 short,https://lichess.org/bGuXcS4A/black#80,
SOlFT,2rq1rk1/p2pnppp/1p2p3/n3P1B1/1QbP4/P2B1P1N/6PP/R2R2K1 b - - 2 16,c4d3 g5e7 a5c6 e7d8,1215,80,90,1923,advantage fork middlegame short,https://lichess.org/DqpxQEkH/black#32,Nimzo-Indian_Defense Nimzo-Indian_Defense_Samisch_Variation
SQj1i,2r3k1/p4pp1/1pPR3p/5q2/2p2P2/5Q2/PP4PP/6K1 w - - 0 27,h2h3 f5c5 f3f2 c5d6,1562,75,94,2532,crushing endgame fork short,https://lichess.org/nwPZzzIt#53,
SSPxJ,r2qkb1r/2p2ppp/p2p2n1/1p6/4P3/1PQ4P/1P3PP1/RNB2RK1 b kq - 0 14,d8e7 c3c6 e7d7 c6a8,1179,76,97,7349,crushing fork middlegame short,https://lichess.org/h4FUAnLb/black#28,Ruy_Lopez Ruy_Lopez_Morphy_Defense
SWlii,8/5pk1/6p1/4b2p/5q2/7P/4RPP1/3Q2K1 w - - 6 47,d1c2 f4h2 g1f1 h2h1,825,77,100,502,endgame mate mateIn2 short,https://lichess.org/7BfMV4w9#93,
SeIXK,2kN3r/ppp1b2p/2n5/5p2/8/2PP3N/PP3PPP/3R1bK1 b - - 0 18,f1d3 d8c6 b7c6 d1d3,1501,75,92,7321,advantage intermezzo middlegame short,https://lichess.org/fOpJJAl9/black#36,Scandinavian_Defense Scandinavian_Defense_Mieses-Kotroc_Variation
Sh7by,r1bqr1k1/1pp2ppB/p1nbpn2/3pN2Q/3P4/2P1P1B1/PP1N1PPP/R3K2R b KQ - 0 11,f6h7 h5f7 g8h8 e5g6,1084,78,93,570,kingsideAttack mate mateIn2 middlegame short,https://lichess.org/Ks5zbixv/black#22,Queens_Pawn_Game Queens_Pawn_Game_London_System
SlxaD,5r1k/ppp1Q3/3p2R1/4p2r/4P3/2PPbq2/PPK3R1/8 b - - 1 28,e3h6 g6h6 h5h6 e7g7,1388,76,100,1094,mate mateIn2 middlegame sacrifice short,https://lichess.org/tKPYZ3nm/black#56,
SnBD3,4r1k1/1R4p1/7p/2P5/p6P/P1KP4/6r1/2R5 w - - 0 37,c3b4 g2b2 b4c4 b2b7,1154,78,95,10449,advantage endgame rookEndgame short skewer,https://lichess.org/xIULuMnG#73,
Soigi,2k5/p1p3pp/1p6/1Qbpr2n/8/5P2/P1PB2PP/7K w - - 0 26,b5c6 h5g3 h2g3 e5h5,1157,75,97,993,clearance endgame mate mateIn2 pillsburysMate sacrifice short,https://lichess.org/WSCdEsmG#51,
SqdBQ,rn1qkb1r/ppp3pp/5pn1/4pN2/2BpP3/1Q6/PPPP1PPP/R1B1K2R b KQkq - 4 9,b8d7 c4f7,845,86,96,891,mate mateIn1 oneMove opening,https://lichess.org/YZhZBTD8/black#18,Scandinavian_Defense Scandinavian_Defense_Other_variations
Stg1m,5n2/2r4k/1pB1p3/p3N3/5P2/2R5/PP4RK/3q4 b - - 4 37,d1h5 c3h3 h5h3 h2h3 c7c6 e5c6,1245,75,96,12119,crushing defensiveMove long master middlegame pin,https://lichess.org/KTk2mpgh/black#74,
Sw3Du,6k1/p1q3p1/1p2pr1p/8/2PPQb2/1P5P/P5P1/4RRK1 w - - 0 31,e1e2 f4h2 g1h1 f6f1,949,78,99,574,deflection discoveredAttack endgame mate mateIn2 short,https://lichess.org/gugyLLYB#61,
T9jG4,5Qk1/1ppr2p1/p1p1R2p/8/6Pq/3PQ2P/PPP5/6K1 b - - 0 34,g8f8 e6e8 f8f7 e3e6,1390,79,95,21648,endgame master mate mateIn2 short triangleMate,https://lichess.org/NB4jSSfT/black#68,
TE1z0,8/pp4k1/1bp3pp/8/5P2/5BPP/PPQ3K1/4q3 w - - 0 32,c2e2 e1g1,987,77,98,1579,endgame master mate mateIn1 oneMove,https://lichess.org/oJ5d7JRV#63,
TFmEC,6k1/1p2QpPp/7r/p1p5/P7/1PP5/6P1/3qR1K1 b - - 8 38,d1b3 e7f8,1256,78,90,3078,endgame mate mateIn1 oneMove,https://lichess.org/8h0Q7CZl/black#76,
TOurD,r7/pb1R3p/1pp1p1pk/2b5/5PP1/1P6/P1K3BP/8 b - - 0 30,b7a6 g4g5 h6h5 g2f3 h5h4 d7h7,1699,75,96,4099,endgame long mate mateIn3 pillsburysMate,https://lichess.org/lZhOOkbR/black#60,
TY7bp,r1b1nr1k/1p1n2bp/2pq4/p3ppBQ/2B4N/2N4P/PPP2PP1/3RR1K1 b - - 3 17,d7f6 h4g6,1224,75,96,1957,mate mateIn1 middlegame oneMove pin,https://lichess.org/L0RwRJBJ/black#34,Pirc_Defense Pirc_Defense_Other_variations
TYCMb,8/8/7k/8/8/4K1Rp/5r2/8 b - - 0 62,h3h2 g3h3 h6g6 e3f2,1150,75,95,10617,crushing endgame rookEndgame short,https://lichess.org/90RNsuA4/black#124,
TYb8Y,r1b1k2r/1p1p1ppp/pqn5/8/4nB2/5N2/PPP2PPP/R2QKB1R w KQkq - 3 11,b2b3 b6f2,820,82,100,527,attackingF2F7 mate mateIn1 oneMove opening,https://lichess.org/RkkZOuAH#21,Sicilian_Defense Sicilian_Defense_OKelly_Variation
Tb1oj,8/8/1p1p1k2/p1pP3b/P1P1p3/1P2KP2/8/7B w - - 1 41,e3e4 h5g6 e4e3 g6c2,1884,78,91,1021,advantage bishopEndgame endgame short,https://lichess.org/eyEPZU8A#81,
Tj6Fl,k1r5/pp6/7p/8/4R1Q1/7P/q1r1R1PK/8 b - - 3 51,c2e2 g4c8,956,77,100,603,endgame hangingPiece mate mateIn1 oneMove,https://lichess.org/pFim8LmB/black#102,
Tlenu,1r4k1/2p1rppp/2p5/pbP5/3P1B2/P1K5/5PPP/1R2R3 b - - 3 24,b8e8 e1e7 e8e7 a3a4,1595,78,94,2330,crushing endgame short,https://lichess.org/YWLjYyIB/black#48,
TlmS5,8/7b/7P/8/8/8/4pK2/3kN3 w - - 7 53,e1f3 h7e4 f3e1 d1d2 h6h7 e4h7 e1f3 d2d1,1556,77,90,807,crushing defensiveMove endgame veryLong,https://lichess.org/5vsPbRkq#105,
Ts3LP,1r2k1r1/5p2/p3p2P/3b4/2pBp3/P2n2P1/KqP1Q3/1N1R3R w - - 0 37,d4b2 c4c3 a2a1 c3b2,1851,76,96,19307,advancedPawn discoveredAttack discoveredCheck mate mateIn2 middlegame short,https://lichess.org/VMwV2WhW#73,
TtxNM,8/3k1p1p/2R3p1/1P6/2P5/5K2/6PP/1r6 w - - 7 43,c6f6 b1f1 f3e3 f1f6,887,77,100,739,crushing endgame rookEndgame short skewer,https://lichess.org/6cjMi1qo#85,
TuarX,8/8/2p1k1p1/1p4p1/1P2PbP1/2BK3P/8/8 b - - 15 50,f4e5 c3e5 e6e5 d3e3,1229,76,97,747,bishopEndgame crushing defensiveMove endgame short,https://lichess.org/wX7RxuG1/black#100,
Tun2a,4r1Qk/pbqn2bp/1pp3pN/8/3PB3/2P5/PP3PPP/R3R1K1 b - - 7 21,e8g8 h6f7,857,86,95,971,master mate mateIn1 middlegame oneMove smotheredMate,https://lichess.org/Gsb3CB4L/black#42,
TxO4r,rn1q3r/pp3k2/2p1b3/4Pp2/6p1/2NBP3/PPQ2P1P/R5RK w - - 0 20,d3f5 h8h2 h1h2 d8h4 h2g2 h4h3,1867,75,97,3203,attraction kingsideAttack long mate mateIn3 middlegame sacrifice,https://lichess.org/3HjyAGwM#39,
TydJR,8/8/8/1N4p1/1P2K3/3pbP2/4k3/8 b - - 1 46,d3d2 b5c3 e2e1 e4e3 d2d1q c3d1,1090,75,100,688,crushing deflection endgame long,https://lichess.org/QIOADI10/black#92,
U1ZVU,r1bq1rk1/3nbpp1/7p/2p3N1/4Q2P/4P1B1/PP3PP1/R3K2R b KQ - 0 17,c8a6 e4h7,621,84,100,632,mate mateIn1 middlegame oneMove,https://lichess.org/i44XmUnV/black#34,Queens_Gambit_Declined Queens_Gambit_Declined_Harrwitz_Attack
U58p1,2kr3r/pbp1pp1p/1p3bp1/7P/3n2P1/2NP1N2/PPPKBP2/3RR3 w - - 1 19,f3d4 f6g5 f2f4 g5f4,894,76,100,523,bodenMate mate mateIn2 middlegame short,https://lichess.org/dOZp7IyB#37,
UInmP,r7/1p2k1R1/p2p1r2/2pPp2Q/8/8/PPPq1PPP/6K1 b - - 0 23,e7d8 h5h8 f6f8 h8f8,909,77,91,639,endgame mate mateIn2 short,https://lichess.org/zmp4XxUc/black#46,
UJCa8,5Brk/3p1p1p/p3rP1Q/1p6/8/P1P2b1P/1P6/2K5 b - - 12 35,e6e2 f8g7 g8g7 h6g7,989,77,95,1832,endgame mate mateIn2 short,https://lichess.org/rJJRcxrd/black#70,
UJq2i,r2q1r2/p4pbk/6p1/4n3/8/1B1pB2P/P5P1/2RQR1K1 b - - 0 29,g7h6 e3h6 h7h6 d1d2 h6g7 e1e5,2339,77,93,8491,advantage attraction long middlegame,https://lichess.org/VIVPgYyW/black#58,
UTA9A,r3k2r/p1p4p/b1pp4/5p2/3N2nq/2P1P2P/PPQ3PK/RNB1R3 w kq - 1 20,h2g1 h4e1,788,81,96,1606,hangingPiece kingsideAttack mate mateIn1 middlegame oneMove,https://lichess.org/zber868t#39,
UZ3Rt,5r2/k1Q3pp/r1pNp3/4P3/Pn1P3q/8/5PPP/1R4K1 b - - 2 31,a7a8 c7b7,859,81,100,624,mate mateIn1 middlegame oneMove,https://lichess.org/eOdfQyCG/black#62,
UaAaI,q3r1k1/5ppp/ppp5/3p4/3P4/B2B3P/PPP2nP1/1K1Q3R w - - 7 24,d1h5 g7g6 h5f3 f2h1,1973,75,93,3067,advantage middlegame short,https://lichess.org/t0eJ9UFh#47,
UivLd,2r4k/1p2Q2p/p2p4/Pq2bR2/1P1p4/3r2P1/6RP/6BK b - - 0 33,c8e8 f5f8 e8f8 e7f8,989,86,96,1458,mate mateIn2 middlegame short,https://lichess.org/493Qs8ee/black#66,
Ut4Fa,8/4kppp/p3pn2/2p5/N1P5/1P1rPK2/P5PP/7R b - - 1 25,e7d6 f3e2 f6e4 e2d3,1794,78,92,836,advantage endgame short trappedPiece,https://lichess.org/E2yIagwl/black#50,
UvtuI,r4k2/pbp1p1r1/1p2qp2/6pB/3Q4/8/PPPR1PPP/5RK1 b - - 0 19,f6f5 d4d8 a8d8 d2d8,755,85,98,526,mate mateIn2 middlegame pillsburysMate sacrifice short,https://lichess.org/qF3m60hS/black#38,
Uwml8,8/3p4/1p6/p1P3k1/5p1p/P6K/1P6/8 b - - 0 48,f4f3 c5b6 f3f2 h3g2 h4h3 g2f2 h3h2 f2g2 h2h1q g2h1,1461,76,95,2975,crushing endgame pawnEndgame veryLong,https://lichess.org/dSrV4H3r/black#96,
UxkQf,r4rk1/pp2ppbp/2n3p1/1P1Npq2/5P2/7P/P2Q2P1/3R1RK1 b - - 0 19,c6d4 d5e7 g8h8 e7f5,950,86,96,1110,crushing fork middlegame short,https://lichess.org/1a7vFAIU/black#38,Sicilian_Defense Sicilian_Defense_Other_variations
VAYJA,4r3/5R2/3k3p/2p3p1/2p5/7P/PRP3r1/3K4 b - - 1 31,e8e2 b2b6 d6d5 f7d7 d5e5 d7e7,1620,79,90,1113,crushing endgame long rookEndgame,https://lichess.org/TWV6QBNw/black#62,
VDcez,5r2/1R6/P7/8/8/1K1Pkp2/8/8 w - - 3 53,a6a7 f3f2 a7a8q f8a8,1330,76,90,1146,advancedPawn crushing endgame rookEndgame short,https://lichess.org/LWCjMbcd#105,
VJZ72,5kr1/3rpp2/p3b1p1/4Q2p/p2B3P/5P2/P5PK/8 b - - 5 29,e6a2 e5b8 d7d8 b8d8,983,82,91,774,endgame master mate mateIn2 short,https://lichess.org/paBCBjyh/black#58,
VNyp3,r4rk1/pp4p1/1n2RnQB/3p4/2pP2P1/2P2PqN/PP1N3b/R6K b - - 3 22,g3h3 g6g7,882,82,96,577,kingsideAttack mate mateIn1 middlegame oneMove,https://lichess.org/aJ4egqh1/black#44,
VSMpZ,r2q1rk1/ppp1np1b/3p1QpP/4p3/2BnP3/2NP1N2/PPP2P2/2KR3R b - - 1 17,d4f3 f6g7,889,81,99,894,mate mateIn1 middlegame oneMove,https://lichess.org/aER7Eiji/black#34,Italian_Game Italian_Game_Giuoco_Piano
VZ6dj,8/1k6/1p6/1P1P4/8/8/8/7K w - - 1 63,d5d6 b7c8 h1g1 c8d7 g1f1 d7d6 f1e1 d6c5 e1d1 c5b5,781,80,100,727,crushing endgame pawnEndgame veryLong,https://lichess.org/fgEc5NPH#125,
VgkDL,r1bqkb1r/p4ppp/2n2n2/1pp1p3/2BpP3/3P1NN1/PPP2PPP/R1BQK2R w KQkq - 0 8,c4b5 d8a5 f3d2 a5b5,905,85,91,2781,advantage fork opening short,https://lichess.org/ryixpkRU#15,Scandinavian_Defense Scandinavian_Defense_Other_variations
Vh6nI,1R6/8/5p2/4k1p1/3r2P1/5PK1/8/8 b - - 2 51,d4d1 b8e8 e5d6 e8d8 d6e6 d8d1,1178,76,97,1992,crushing endgame long master rookEndgame skewer,https://lichess.org/CbbWLBZM/black#102,
VjDkl,8/pp4k1/2p3P1/3pP2P/3Pb1K1/4P3/Pr6/6R1 b - - 0 35,g7h6 e5e6 b2h2 e6e7 h2h5 e7e8q,2079,76,93,843,advancedPawn crushing endgame long master promotion,https://lichess.org/sOwUwVWZ/black#70,
VkizJ,r4r1k/3n2p1/p1p1Q2p/1p6/1P1q4/P1NP3P/6P1/2R2R1K w - - 1 24,e6e4 f8f1 c1f1 d4c3,1177,76,96,16633,crushing middlegame short,https://lichess.org/h9ZutHlO#47,
VkrsQ,r2qkbnr/1p1np1p1/p5p1/1B5p/3pN1PP/8/PPPPQP2/R1B1K2R b KQkq - 1 12,a6b5 e4d6,1034,82,93,591,mate mateIn1 oneMove opening pin,https://lichess.org/M1tIRJUf/black#24,Caro-Kann_Defense Caro-Kann_Defense_Two_Knights_Attack
VmTpD,8/6b1/6pp/pppk1p2/4pK1P/P1P1P3/1P1N1PP1/8 w - - 0 31,g2g4 g7e5,995,77,97,3610,endgame mate mateIn1 oneMove,https://lichess.org/TMlKL6b1#61,
VmhbB,8/2p2p1p/6p1/Pkp1P3/1p3P2/2b1P3/2R1KP1P/8 w - - 3 30,e2d3 c5c4 d3e2 b4b3 c2c3 b3b2,1915,76,94,12091,advancedPawn crushing endgame long sacrifice,https://lichess.org/aTuFpPfx#59,
VrYrc,r4rk1/pb3pp1/2p1p2p/4p3/2B1N2b/1P4P1/P1P2P1P/3R1RK1 b - - 0 16,h4e7 d1d7 e7a3 d7b7,1310,76,93,8117,crushing fork middlegame short,https://lichess.org/G3cNrx8G/black#32,Sicilian_Defense Sicilian_Defense_Sozin_Attack
VtPSH,8/1p1R1p1k/p2p2q1/P2Pp3/1P2Pn1p/4QN2/5P2/3B1NrK w - - 1 36,f3g1 g6g2,927,80,97,997,mate mateIn1 middlegame oneMove,https://lichess.org/AIzkuVRa#71,
Vx72k,r4b1r/ppqnk1p1/2p1QnBp/8/3P3P/8/PPP2PP1/R1B1R1K1 b - - 0 16,e7d8 e6e8 f6e8 e1e8,920,77,100,525,mate mateIn2 opening operaMate sacrifice short,https://lichess.org/gwkiW7lY/black#32,Caro-Kann_Defense Caro-Kann_Defense_Classical_Variation
W174Q,8/5r2/8/5q1k/8/4QpKR/8/8 b - - 0 59,h5g6 e3h6,914,79,97,573,endgame mate mateIn1 oneMove swallowstailMate,https://lichess.org/QxdedTXF/black#118,
WCqCl,k7/1bqrr1p1/pR2pp1p/Q2p4/7P/PR3P2/1PP3P1/1K6 b - - 6 35,e7e8 b6a6 b7a6 a5a6 c7a7 a6c6,1419,80,92,3542,crushing exposedKing long middlegame queensideAttack,https://lichess.org/bWC1QQLX/black#70,
WEHfG,2R1Q3/5pk1/5qpp/8/8/7P/5PP1/3r2K1 w - - 3 41,g1h2 f6f4 g2g3 f4f2,1114,76,96,2991,endgame mate mateIn2 short,https://lichess.org/CZT3kyJw#81,
WFqsc,8/8/7p/p1k3pP/B2pp1P1/6P1/3K4/8 w - - 0 56,a4c2 d4d3 c2a4 c5d4,2073,82,91,5843,bishopEndgame crushing defensiveMove endgame short,https://lichess.org/p1dIUZPB#111,
WIUwK,8/3nk3/3qpp1N/8/8/Q7/p4PPP/1r3RK1 w - - 4 39,a3a2 b1f1 g1f1 d6d1,1105,76,97,1141,attraction endgame mate mateIn2 short,https://lichess.org/IQJGxhQB#77,
WJtru,1r4k1/1q5p/p3Qpn1/8/8/5P2/P5PP/3R3K b - - 0 31,g8g7 d1d7 b7d7 e6d7,911,84,92,742,advantage endgame fork short,https://lichess.org/EDzaCjMi/black#62,
WKZoy,2kr1b1r/Bppb1ppp/4p3/8/1nQ2q2/5N2/PPP3PP/1K1R1B1R b - - 0 14,d7a4 d1d8 c8d8 c4f4,1372,77,92,1512,crushing opening short,https://lichess.org/KAuoHt4z/black#28,French_Defense French_Defense_Classical_Variation
WLS8L,8/8/k7/P7/1P3pp1/7p/5P1P/5K2 w - - 2 47,f1e1 g4g3 f2g3 f4g3 h2g3 h3h2,1237,77,97,2789,advancedPawn crushing endgame long pawnEndgame,https://lichess.org/i9me3NuJ#93,
WLxym,3r2B1/ppk5/2p2pQ1/q1n1p2p/P5bN/2PP2B1/2PK1PP1/R6R w - - 1 23,g6f6 c5e4 d2c1 e4f6,1325,73,95,22970,advantage middlegame pin short,https://lichess.org/odyovgVR#45,
WM6Aa,8/8/8/8/1R1p2KP/4k2r/8/8 b - - 3 48,h3f3 b4b3 d4d3 b3d3 e3d3 g4f3,2116,75,93,3395,crushing deflection endgame long rookEndgame,https://lichess.org/SfmGN8Hx/black#96,
WVPPS,2rqr1k1/1p2bppp/p2p1nn1/3Pp1B1/2P5/NP1B1Q2/P4PPP/R3R1K1 w - - 1 18,a3c2 e5e4 d3e4 f6e4 g5e7 d8e7,1933,79,91,2066,advantage fork long middlegame,https://lichess.org/508czMki#35,Sicilian_Defense Sicilian_Defense_Kalashnikov_Variation
WXmGs,rnb1kb1r/pp3p2/2p1pp1p/q7/2PP4/4B3/PP3PPP/R2QKBNR w KQkq - 2 9,d1d2 f8b4 g1e2 b4d2,988,75,95,4318,crushing middlegame pin short,https://lichess.org/MeyKavB4#17,Slav_Defense Slav_Defense_Other_variations
Wb14z,8/p5pk/2p2p1p/8/P2R1P1r/6QB/2q4K/8 w - - 11 40,g3g2 h4h3 h2h3 c2c3 h3h2 c3d4,1738,75,98,2106,advantage attraction endgame exposedKing fork long pin sacrifice,https://lichess.org/GfYvldOD#79,
WrTCw,rn2kb1r/1bqp1ppp/pp2p3/8/3NP1n1/2NBB3/PPPQ1PPP/R4RK1 w kq - 8 10,h2h3 c7h2,580,87,99,830,master mate mateIn1 middlegame oneMove,https://lichess.org/mSiuwgv8#19,Sicilian_Defense Sicilian_Defense_Closed
WwKaK,8/3k4/7p/1PpK1P2/P5p1/8/8/8 w - - 0 51,a4a5 g4g3 b5b6 g3g2,1212,86,94,1412,advancedPawn crushing endgame pawnEndgame short,https://lichess.org/xYUYMA44#101,
Wwrv3,8/7p/3k4/2p1b1p1/p1P1p1P1/P1B4P/1P6/3K4 w - - 2 35,d1c2 e5c3 c2c3 d6e5,1508,77,94,4092,bishopEndgame crushing defensiveMove endgame short,https://lichess.org/Y5mc3nHZ#69,
X16FE,1q6/3R1pp1/1p2pk1p/2p5/2P1Q3/1P3P2/r5PP/6K1 b - - 3 30,b8e5 d7f7 f6f7 e4e5,1239,75,97,10356,crushing deflection endgame master short,https://lichess.org/CmKErhmz/black#60,
X4uKz,rr4k1/3pQp1p/2bRp1p1/8/4P3/1PN4P/B1P2q2/2K4R w - - 0 27,d6d2 f2f3 h1d1 f3c3,1846,78,93,6324,crushing fork middlegame short,https://lichess.org/PtxoALun#53,
X8T2r,1bqr4/5pkp/4p1p1/4P3/3r2N1/5QP1/6PK/5R2 b - - 11 35,d8f8 f3f6 g7g8 g4h6,981,81,95,2607,mate mateIn2 middlegame short,https://lichess.org/T9DsmQvO/black#70,
XE3BZ,r2qr1k1/ppp2pp1/3p1b1B/3P1P2/8/5R1P/P1PQ2P1/3R2K1 b - - 0 19,g7h6 d2h6 f6g5 f3g3,1621,75,95,3434,crushing middlegame pin short,https://lichess.org/n5yCrIVG/black#38,Italian_Game Italian_Game_Anti-Fried_Liver_Defense
XI9Lp,2r3k1/5pp1/6p1/1p1R4/p7/P1P2nP1/1PK4P/2B5 w - - 2 34,d5b5 f3d4 c2d3 d4b5,1162,75,95,1190,advantage endgame master pin short,https://lichess.org/McKEcNd1#67,
XJTbx,r5k1/1ppnr1p1/3qp1NB/p4pQP/3P4/2P2P2/1P4P1/4R1K1 b - - 4 29,e7f7 h6g7 f7g7 h5h6,2150,81,91,877,crushing master middlegame sacrifice short,https://lichess.org/YPI90GUg/black#58,
XMUal,1k6/nB6/P7/1KB1p3/4Pp1b/5P1P/5P2/8 w - - 11 63,b5b6 h4d8,925,77,100,513,endgame mate mateIn1 oneMove,https://lichess.org/qRV4EXIm#125,
XbMDj,r1b1r1k1/1p3p1p/1qpp1bp1/2n5/pPPNP3/2N3P1/P2Q1PBP/3R1RK1 b - - 0 16,b6b4 c3d5 b4d2 d5f6 g8h8 d1d2,1868,77,91,634,advantage fork long middlegame sacrifice,https://lichess.org/YpzCwqRg/black#32,Kings_Indian_Defense Kings_Indian_Defense_Fianchetto_Variation
XeVkh,rn4k1/p4p2/b2p1q2/2pP4/1p6/4KB1Q/P3N3/1n4NR b - - 0 25,b8d7 h3h7 g8f8 h7h8 f6h8 h1h8 f8e7 h8a8,1800,79,92,1238,advantage fork middlegame skewer veryLong,https://lichess.org/ALDBN1vc/black#50,
XgjH4,7R/6k1/p4pp1/Pp2p1n1/6r1/1BP5/1P1r1P2/5K1R b - - 1 44,d2b2 h8g8,983,84,92,713,endgame master mate mateIn1 oneMove operaMate,https://lichess.org/rmgdAAGl/black#88,
XgsPu,r4rk1/pp3ppp/4b3/2qpR3/2B5/3P4/PPPQ1PPP/R5K1 w - - 0 16,e5g5 f7f6 g5h5 g7g6 c4d5 e6d5,2164,80,90,669,advantage long middlegame,https://lichess.org/Z0C5kRhl#31,Italian_Game Italian_Game_Two_Knights_Defense
XhAST,8/p2R4/6pk/2pp4/2b2PP1/P1r4P/6K1/8 b - - 1 41,c3a3 g4g5 h6h5 d7h7,926,75,99,693,endgame mate mateIn2 short,https://lichess.org/0taWqesl/black#82,
Xivzp,4Q3/5pkp/4p1p1/p6n/P1P5/B7/2q2PPP/3R2K1 w - - 1 30,d1d7 c2b1 a3c1 b1c1 d7d1 c1d1,1316,81,93,1332,backRankMate endgame long mate mateIn3,https://lichess.org/mCFobu5M#59,
Xkvt7,5rk1/p4p1p/1p2r1p1/2pRP3/5Q2/1P5P/q1P3P1/5RK1 b - - 4 24,a2c2 d5d8 c2f5 d8f8 g8f8 f4h6 f8g8 f1f5,2121,79,91,852,advantage attraction discoveredAttack endgame veryLong,https://lichess.org/a79XisvO/black#48,
XlkWN,2r2r2/p5pk/4p2p/2bpP3/3B1P2/2P3Q1/P2n2PP/1R4K1 w - - 2 27,b1b7 c5d4 g1h1 d4e5 g3d3 d2e4,1961,75,94,2272,advantage long middlegame,https://lichess.org/vOEXXoJk#53,
XnL4m,8/5kp1/5b2/3P3P/4K3/1p6/8/2B5 w - - 0 52,e4d3 b3b2 c1b2 f6b2,868,77,100,569,advancedPawn bishopEndgame crushing endgame short,https://lichess.org/nwQg5al4#103,
XoiSR,r1b1k1nr/1ppp1ppp/p1N2q2/2b5/4P3/2N5/PPP2PPP/R1BQKB1R w KQkq - 1 7,f1d3 f6f2,839,83,98,672,attackingF2F7 mate mateIn1 oneMove opening,https://lichess.org/TnXY3HiT#13,Three_Knights_Opening Three_Knights_Opening_Other_variations
Xrarh,6k1/5pb1/6pp/2BP4/2P1r3/3n1p1P/P1R2P2/2Q3K1 w - - 1 33,c1a3 e4e1 g1h2 g7e5,929,88,97,4112,endgame mate mateIn2 short,https://lichess.org/bQ7Idx7F#65,
XtPvk,r4rk1/1pN3bp/3p2p1/2p1p3/p1BnP3/3PQP2/1qPK1P2/2R4R b - - 1 21,g8h8 h1h7 h8h7 c1h1 g7h6 e3h6,1500,76,92,2312,attraction kingsideAttack long mate mateIn3 middlegame sacrifice,https://lichess.org/eF4jJ4Hm/black#42,
XtQGs,6k1/6p1/Q4p2/4p2p/P7/7P/q1r2PPK/5B2 b - - 0 34,c2f2 f1c4 g8h7 c4a2,1307,74,95,11577,crushing endgame fork master short,https://lichess.org/pFR089FS/black#68,
XtUS1,5rk1/Q4p1p/6p1/pp1Bb3/8/2q1P1P1/P6P/5RK1 b - - 1 25,b5b4 f1f7 c3e1 f7f1 g8h8 f1e1,2049,74,93,1404,crushing discoveredAttack discoveredCheck endgame long,https://lichess.org/TaxsKcDV/black#50,
XvOdo,1b2r1k1/pb2rpp1/1p3q1p/2p5/Q1PP4/P4NP1/1PB2PP1/3RR1K1 b - - 0 24,b7f3 a4e8 e7e8 e1e8,1398,78,94,2450,kingsideAttack mate mateIn2 middlegame pillsburysMate short xRayAttack,https://lichess.org/winMRsXq/black#48,
Xxm6y,1r2r1k1/5pP1/p1p4p/2ppP3/N4qbQ/1P6/P1P3PP/3RR2K w - - 1 27,h4f6 f4f6 e5f6 g4d1,1565,76,93,4768,advantage middlegame short,https://lichess.org/CmJ3XthS#53,
Y6WMr,5r1k/1pp3p1/p2p1rnp/4p2q/P1QPPp2/1PP2P1P/3B2P1/R3R1K1 w - - 3 25,c4c7 g6h4 e1e2 f6g6,2318,87,91,557,advantage clearance middlegame short,https://lichess.org/xY8i946D#49,
Y8eRW,5rk1/p1Q2ppp/8/8/2B1qn2/7P/PP3PP1/5RK1 w - - 2 22,f1d1 e4g2,745,81,98,608,endgame mate mateIn1 oneMove,https://lichess.org/9lagi8wd#43,
YGhxL,8/ppN2pk1/2n2rp1/7p/8/P7/1PPR2PP/6K1 b - - 6 27,a7a6 c7e8 g7f8 e8f6,970,77,99,800,advantage endgame fork master short,https://lichess.org/PNyw6PqC/black#54,
YQj2N,8/6p1/4pk1p/7P/3R2P1/r3P1K1/5P2/8 w - - 7 40,g3f4 e6e5 f4e4 e5d4,831,82,100,662,crushing endgame fork master rookEndgame short,https://lichess.org/xVr3Xfsw#79,
YYIwh,3r2k1/p4ppp/8/8/Q1P5/P3q1P1/1P1r1R1P/5RK1 w - - 4 24,b2b4 d2f2 f1f2 d8d2,1909,74,91,2300,crushing endgame short,https://lichess.org/eQruzDvt#47,
YYv8M,8/1B2k3/4p3/P4p1R/2P5/5KP1/r7/6b1 w - - 0 40,a5a6 a2f2 f3e3 f2h2,1470,77,94,2297,crushing discoveredAttack discoveredCheck endgame master masterVsMaster short,https://lichess.org/FH329LpC#79,
YYvrX,8/6pk/7p/PR4b1/8/5nP1/1PK5/8 w - - 1 39,a5a6 f3d4 c2d3 d4b5,795,83,97,1105,crushing endgame fork short,https://lichess.org/T93BUHFZ#77,
YZTa8,r1q1kb1r/ppp2pp1/5n1p/4n3/Q1p1P1bP/2N1BNP1/PP3PB1/R3K2R b KQkq - 1 11,c8d7 f3e5 d7a4 c3a4,1538,77,94,4765,advantage hangingPiece middlegame short,https://lichess.org/9tuD6w4a/black#22,Queens_Pawn_Game Queens_Pawn_Game_Symmetrical_Variation
Ya2QD,3r2k1/pp3pp1/1q5p/4n3/1P6/P3P1P1/1RN2P1P/3Q2K1 w - - 1 27,d1e2 d8d2 e2d2 e5f3 g1g2 f3d2,1958,77,92,912,attraction crushing endgame fork long sacrifice,https://lichess.org/7tBa1gan#53,
YqC8f,8/pp5p/1r2kp2/3R4/8/2PK2P1/r3PP1P/3R4 w - - 2 30,d5h5 b6d6 d3e3 d6d1,902,77,90,934,crushing endgame rookEndgame short skewer,https://lichess.org/85xlOfwP#59,
Yu96t,r4k1r/ppq2pb1/3N2p1/3Qn1Pp/7P/5PB1/PPP1N3/2K4R b - - 0 20,a8d8 g3e5 g7e5 d5e5 c7d6 e5h8,1350,77,93,4232,crushing long master middlegame,https://lichess.org/2knobGJv/black#40,
Z0Whj,4k3/Rp2r2p/5Np1/6P1/8/3n3P/5P2/5K2 b - - 2 41,e8d8 a7a8 d8c7 f6d5 c7d7 d5e7,939,90,92,533,crushing endgame exposedKing fork long,https://lichess.org/L9AaFVnj/black#82,
Z1gcT,r4r1k/pR5p/2p1Q1p1/4Pn2/7q/4BP2/PPP3PP/4R1K1 b - - 0 25,f5e3 e1e3 a8d8 b7d7 d8d7 e6d7,2048,76,92,1859,advantage long middlegame,https://lichess.org/mMD2vRdS/black#50,
ZEBhn,6k1/r2BRp1p/p5p1/1pp4n/5P2/P1Br4/1P6/5RK1 b - - 0 39,g8f8 e7e8,617,83,100,1207,mate mateIn1 middlegame oneMove operaMate pillsburysMate,https://lichess.org/0W7xHnFg/black#78,
ZJyR2,r1bq1rk1/ppp5/2n2bpp/8/2p2BPP/P1N1P3/1PP5/R2QK1NR w KQ - 0 14,f4h6 f6h4 h1h4 d8h4,1640,74,100,965,crushing middlegame short,https://lichess.org/2w5h4CFc#27,Dutch_Defense Dutch_Defense_Other_variations
ZQZFZ,r3r1k1/pp1b1p2/1n1q1n1p/3pNPp1/3P4/2NBP1Q1/PP5P/2R2RK1 w - - 0 20,e5g4 d6g3 h2g3 f6g4,980,81,90,1666,crushing kingsideAttack master middlegame short,https://lichess.org/Dp3Tnmac#39,
ZY0JB,r3rbk1/3n1pp1/p4n1p/2p5/Pq2p3/1PN5/1BPPQPPP/R3R1K1 b - - 3 19,d7b6 c3a2 b4d4 b2d4,1892,76,96,1840,advantage middlegame short,https://lichess.org/t96zNgLz/black#38,
ZaVDR,8/5pkp/4n1p1/8/R3P3/3N4/P1r2PKP/8 w - - 6 38,g2g3 c2c3 f2f3 c3d3,1327,81,93,13082,advantage endgame pin short,https://lichess.org/niF4pJB1#75,
ZeDNS,3rqb1r/1kp1pppp/p7/1n2Nb2/5B2/PQ4P1/1P3P1P/2KR3R b - - 3 16,f5e6 b3f3 d8d5 d1d5 e6d5 f3d5,1185,77,95,2455,advantage long middlegame,https://lichess.org/hqOKGKUK/black#32,Queens_Pawn_Game Queens_Pawn_Game_Zukertort_Variation
ZnES8,2rq1rk1/pbpn1pbp/1p2p1p1/4N3/2PPn3/6P1/PPQ2PBP/R1BR2K1 w - - 0 13,g2e4 b7e4 c2e4 d7e5,1542,82,90,1149,advantage opening short,https://lichess.org/r6NCrdU7#25,English_Opening English_Opening_Neo-Catalan
ZpUsU,8/p4p2/1pR1pk2/1P3p1p/P4P1P/2K3P1/4P3/3r4 w - - 7 34,c6c7 d1c1 c3b3 c1c7,905,79,99,1214,crushing endgame master rookEndgame short skewer,https://lichess.org/hJeySigX#67,
Ztuzs,4rr1k/pp2n1pp/1qn1B1p1/3pP3/3N4/1PP5/P2Q4/RN2K2R b KQ - 4 20,c6e5 h1h7 h8h7 d2h2,1126,79,95,12830,attraction kingsideAttack mate mateIn2 middlegame sacrifice short,https://lichess.org/A9SX1Grd/black#40,
ZvzxJ,r1b2rk1/3p1p2/p3p1p1/1p5P/3Q2P1/2N5/P1q5/R4RK1 b - - 0 19,c8b7 f1f2 e6e5 d4e3,2349,75,93,1781,advantage middlegame short,https://lichess.org/tBqxReGs/black#38,
a7Cqd,6k1/3N1p2/p3p1pQ/3p2P1/5n2/2q4P/P3RP1K/1r6 b - - 6 33,c3c8 d7f6,862,80,100,590,endgame mate mateIn1 oneMove,https://lichess.org/vuFufoaa/black#66,
a83F4,8/8/p5kp/1p2qR2/8/2PQ3P/PPB1r3/5Kr1 w - - 1 40,f1g1 e5h2 g1f1 h2g2,1327,74,95,27328,endgame mate mateIn2 short triangleMate,https://lichess.org/VuPit8lO#79,
aIToS,r5k1/4ppbp/4b1p1/1P6/pq6/QP1RBP2/K1P3PP/7R w - - 0 28,a3b4 a4b3 a2b1 a8a1,1394,76,94,2026,doubleCheck mate mateIn2 middlegame short,https://lichess.org/pk2L5CtL#55,
aKhKU,6r1/k3qp2/pp1p1b2/2pP4/1PN1P2p/P3BQ2/5PrK/1R3R2 w - - 2 33,f3g2 g8g2 h2g2 e7e4,1952,76,90,1678,attraction crushing middlegame short,https://lichess.org/L8FOQCtJ#65,
aOvnL,1k1r4/pp6/8/2Q4p/P2r1PqP/1P3RP1/2R4K/8 b - - 2 36,g4f3 c5c7 b8a8 c7c8 d8c8 c2c8,986,81,91,2802,backRankMate endgame long mate mateIn3 sacrifice,https://lichess.org/CQdH6Bpi/black#72,
aT517,3k4/4r2r/1p1b4/pP1Pp3/P1B1Rp2/5P1n/4Q3/4R1K1 w - - 6 47,g1g2 e7g7 g2f1 g7g1,924,77,100,522,mate mateIn2 middlegame short,https://lichess.org/L1FjcFKN#93,
aTCQI,r3r1k1/pR4p1/3p1p1p/2p4Q/2P1P3/4q3/P5PP/5B1K b - - 3 22,e3e4 h5f7 g8h8 f7g7,992,82,94,1170,endgame mate mateIn2 short,https://lichess.org/U3iYCbUV/black#44,
aXzSI,N1bRr1k1/1p3p2/p4npp/2b1p3/2p1P3/5P2/PPP3PP/3R1K2 b - - 10 22,c8d7 d1d7 f6d7 d8e8,1935,75,94,803,advantage capturingDefender deflection kingsideAttack middlegame short,https://lichess.org/Z5Dvtj0N/black#44,
acIwU,rn2k1nr/ppq2ppp/3bb3/3p4/3Pp3/1QN1P3/PP3PPP/R1B1KBNR w KQkq - 0 9,c3d5 c7a5 c1d2 a5d5 b3d5 e6d5,1504,76,92,3228,advantage long opening,https://lichess.org/mokr8Uee#17,Englund_Gambit_Declined Englund_Gambit_Declined_Reversed_Brooklyn
anJpw,8/p4k2/1p3p2/2p1b2Q/3q3P/1P2N1P1/P6K/8 b - - 0 46,f7e6 h5e8 e6d6 e3f5,1670,77,95,5383,crushing endgame short,https://lichess.org/musfFFM4/black#92,
ao8HG,7k/pp4p1/8/3B1p1p/1QP2Pbq/6R1/PP2r1P1/6K1 b - - 1 26,h4g3 b4f8 h8h7 d5g8 h7h6 f8d6 e2e6 d6e6,1926,75,96,2038,crushing endgame veryLong,https://lichess.org/ZGyS9rWC/black#52,
arzri,6k1/pp3b1p/r4P1b/8/3N3B/3R3P/1P2RP2/3K4 w - - 8 34,d4f5 a6a1 d1c2 a1c1,1174,75,99,2817,mate mateIn2 middlegame operaMate pillsburysMate short,https://lichess.org/y6cH7sGG#67,
asJBy,2bk1r2/Q6p/2p2p2/3q4/3P4/6P1/PrP2P1P/4R1K1 b - - 2 29,b2a2 a7e7,937,78,100,783,endgame mate mateIn1 oneMove,https://lichess.org/UAXqDO3f/black#58,
ax6S4,3r4/2R1kr1p/p4n2/6Q1/4q3/1P5P/P4P2/K2R4 b - - 9 35,e7e8 d1d8 e8d8 c7f7,1517,77,100,1553,crushing middlegame pin short,https://lichess.org/vEs4B5qq/black#70,
axCNj,r2q1rk1/pp2bpp1/2n2n1p/2pp4/8/P1NPBB1P/1PP2PP1/R2Q1RK1 w - - 0 13,f1e1 d5d4 e3d2 d4c3,1093,76,95,1082,crushing fork opening short,https://lichess.org/uXbQlK3G#25,Sicilian_Defense Sicilian_Defense_Other_variations
b1jOa,6k1/pp3ppp/2pr4/6rq/1PP5/P2BP2P/2Q2P1K/4R1R1 w - - 5 24,d3e2 h5h3 h2h3 d6h6 e2h5 h6h5,1394,76,91,2708,attraction long mate mateIn3 middlegame sacrifice,https://lichess.org/kyW33a4F#47,
b4gZH,k2r1b1r/P5pp/Pp1pq3/1Q1np1P1/3p1p1P/5b1N/1B3N1K/R3R3 b - - 1 31,f8e7 b5c6 a8a7 c6b7,982,86,94,1877,mate mateIn2 middlegame queensideAttack short,https://lichess.org/WH9RknTt/black#62,
bDYfa,rnb2rk1/pp2n1p1/2p2q1p/3p4/1Q6/1B6/PPP2PPP/RNB1R1K1 w - - 2 14,b4e7 f6f2 g1h1 f2f1 e1f1 f8f1,1135,75,95,7123,backRankMate long mate mateIn3 opening sacrifice,https://lichess.org/xMLIDepK#27,Kings_Pawn_Game Kings_Pawn_Game_McConnell_Defense
bEErL,r1b2rk1/pp2b1pp/2n5/2pq1p2/4p3/PP2P2P/2NPBPP1/1RBQK2R b K - 0 13,f5f4 e2c4 d5c4 b3c4,1104,74,96,1478,crushing opening pin short,https://lichess.org/LmtsG2dZ/black#26,English_Opening English_Opening_Kings_English_Variation
bFXT4,r5k1/pbp3p1/1pP1p1rp/1B3p2/3P1P2/2P1N2q/P1Q2P1P/1R1R2K1 w - - 1 24,g1h1 h3f3 e3g2 f3g2,1267,75,100,2187,kingsideAttack mate mateIn2 middlegame short,https://lichess.org/p9g42W29#47,
bMcNj,7k/pQp3p1/1p5p/8/5q2/P7/1P1r4/K3R3 b - - 7 29,f4f6 e1e8 h8h7 b7e4 f6g6 e8h8 h7h8 e4g6,1315,74,96,8554,advantage deflection endgame veryLong,https://lichess.org/qMFDTtWy/black#58,
bMx2I,6k1/p1q1p1bp/1r4p1/Q1p2pB1/2Pp3P/P2P4/5PP1/4R1K1 w - - 4 28,e1e7 b6b1 a5e1 b1e1,959,76,98,619,advantage endgame kingsideAttack short,https://lichess.org/EoiU27UZ#55,
bROEH,3r2k1/1p3p1p/pb1r1p2/3p4/5P2/1BNRn1P1/PPP4P/2K4R w - - 0 25,c3e4 d5e4 d3d6 d8d6,1195,86,92,813,advantage hangingPiece middlegame short,https://lichess.org/7UJhOFEJ#49,
bUift,N2k4/3r2pp/8/p2B4/2P5/1K3pB1/PP1q1P1P/4R3 w - - 1 30,g3h4 g7g5 h4g5 d2g5,1485,78,92,3809,advantage defensiveMove endgame short,https://lichess.org/mUlGSDRY#59,
bVBHg,1Q6/4kp2/p3q1p1/Pp6/1P2p1P1/4P3/5PK1/8 w - - 5 41,g2g3 e6d6 b8d6 e7d6,1414,76,90,1006,endgame master,https://lichess.org/lKsk4Ma9#81,
bWvlI,8/6pk/5q1p/p7/P1Q4P/KP4P1/8/8 w - - 27 59,c4b5 f6a1,869,78,100,1453,endgame mate mateIn1 oneMove queenEndgame,https://lichess.org/7TZXVVPQ#117,
bexGP,1n6/3p2kp/1Qp1p1p1/8/2P2r2/1P3q2/P1BP1P1P/3R1RK1 w - - 5 23,h2h3 f3h3 b6e3 f4g4,1204,78,94,22923,advantage kingsideAttack middlegame short,https://lichess.org/pphyjeEX#45,
bfVRI,6k1/pp3pb1/6pp/3b4/3pN3/P2P1PP1/P5KP/2N5 b - - 0 28,g7f8 e4f6 g8g7 f6d5,607,80,100,678,advantage endgame fork short,https://lichess.org/8PnIl9Ma/black#56,
bk8Bl,rr4k1/3Q1p1p/6p1/P4p2/2q5/6P1/5P1P/R1R3K1 b - - 1 28,c4b5 c1c8 b8c8 d7b5,1666,75,96,2679,advantage deflection endgame master short,https://lichess.org/VXpxh6iP/black#56,
bloBR,r1q1r1k1/1pp2pp1/p1pbb2p/7Q/3BN3/8/PP3PPP/3RR1K1 b - - 0 18,e6g4 e4f6 g7f6 e1e8 c8e8 h5g4,1641,77,95,7875,advantage discoveredAttack kingsideAttack long master middlegame,https://lichess.org/K6K1YnH0/black#36,Ruy_Lopez Ruy_Lopez_Closed
btoQy,1r3qk1/3p2p1/p2Np1Qp/1pp1P1p1/7r/PP6/1BPP1PbP/3R1RK1 w - - 0 26,g1g2 h4g4 g2h1 f8f3,1109,88,92,1057,mate mateIn2 middlegame short,https://lichess.org/ZY4Vkb7y#51,
bznoB,3rr2k/1b5p/1qpRp3/p1N1Pp2/2PQ1P1P/1P6/P5PK/8 b - - 0 30,d8d6 e5d6 h8g8 d6d7,1449,79,92,3295,advancedPawn crushing discoveredAttack discoveredCheck endgame short,https://lichess.org/cRtODFWT/black#60,
c8xSN,4rk2/1p2qp1B/p1p5/3pr2P/8/P7/1P6/1KQR4 b - - 6 35,e5e1 c1h6,1117,87,94,1091,endgame master mate mateIn1 oneMove,https://lichess.org/MHvK1OT9/black#70,
cIb0X,r1b2rk1/ppp2ppp/1b6/1B1Nnq1n/1PP5/3pB2P/P4PP1/R2Q1RK1 b - - 6 15,b6e3 d5e7 g8h8 e7f5,965,79,94,812,advantage fork opening short,https://lichess.org/wgCyHJkk/black#30,Ponziani_Opening Ponziani_Opening_Other_variations
cREBZ,2kr2r1/pppq2PQ/1b2bp1B/nP6/2p5/2Pp1N2/P4PPP/RN3RK1 w - - 4 16,b1d2 e6f5 h7g8 d8g8,1515,75,96,23464,crushing master masterVsMaster middlegame short trappedPiece,https://lichess.org/V0R5uJRZ#31,Italian_Game Italian_Game_Classical_Variation
cTOnr,8/7P/8/5k2/7R/p4B2/1q3PK1/8 b - - 2 53,b2g7 f3g4 f5f4 h7h8q g7h8 h4h8,1801,76,95,5208,advancedPawn crushing endgame long promotion,https://lichess.org/3VFozN7i/black#106,
cW9l0,r3kb1r/ppp2ppp/2p1bn2/8/3N2q1/3P4/PPP2PPP/RNBQ1K1R w kq - 3 10,d4e6 g4d1,894,79,99,1170,hangingPiece mate mateIn1 oneMove opening,https://lichess.org/GLsY79pM#19,Ruy_Lopez Ruy_Lopez_Berlin_Defense
cXTpW,8/8/7p/2pk2pP/3p2P1/1PpK2P1/2N5/8 w - - 8 52,b3b4 c5c4 d3e2 d4d3 e2d1 d3c2,1354,75,96,2911,advancedPawn crushing endgame exposedKing fork knightEndgame long,https://lichess.org/yZm209vT#103,
cXxiI,2kr3r/ppp1bNpp/2np1n2/4p3/2P5/2NP2Pq/PP3P1P/R1BQ1RK1 w - - 2 14,f7d8 f6g4 d1g4 h3g4 d8c6 b7c6,1365,75,97,2808,advantage long middlegame,https://lichess.org/POJWYhdR#27,English_Opening English_Opening_Anglo-Dutch_Defense
cZgok,6k1/Q4pp1/3p3p/4q3/7N/6BP/6PK/1r6 b - - 5 35,e5c5 a7a8 g8h7 a8e4 g7g6 e4b1,1215,75,100,813,crushing endgame fork long,https://lichess.org/hwFvqLrM/black#70,
chDmN,8/8/8/8/8/2QK4/p7/1k6 b - - 5 52,a2a1q c3c2,975,77,98,3321,endgame master mate mateIn1 oneMove queenEndgame,https://lichess.org/quffPK6k/black#104,
chQsh,2b1k3/pp2bp2/1n2p1p1/4N2p/nP1N3P/P3PPP1/4B3/BK6 b - - 6 27,b6d5 e2b5 e8f8 b5a4,985,88,93,2345,advantage fork master middlegame short,https://lichess.org/10BvGfY9/black#54,
cnM88,5rk1/4rppp/2q2n2/ppP5/3PpQP1/PBP4P/8/3KRR2 b - - 0 24,f6d5 f4d6 d5c3 d1c2 c6d6 c5d6 e7d7 c2c3,2239,76,92,7551,advantage defensiveMove middlegame veryLong,https://lichess.org/FvVoA65j/black#48,
cr9zi,8/2R3p1/5pkp/4p3/7P/5RK1/1r3PP1/5r2 b - - 0 40,g6h5 c7g7 f1f2 f3f2 b2f2 g3f2,1736,79,94,629,crushing endgame long rookEndgame,https://lichess.org/ybxevnf4/black#80,
ctz2h,8/2k2b2/6p1/1pp2pPp/1PP1p3/1K2P1P1/4NP2/8 w - - 0 58,b4c5 f7c4 b3c3 c4e2,1013,76,100,876,crushing endgame fork master short,https://lichess.org/Bwn7ctTt#115,
cuagV,r4rk1/1p5p/5pR1/1pp2P2/6Q1/8/PPP4q/1K4R1 b - - 0 25,h7g6 g4g6 g8h8 g6g7,919,76,98,2115,endgame mate mateIn2 short,https://lichess.org/ToMLJJTs/black#50,
cw1ua,r3k1nr/pb3pbp/1p2P1p1/2p3q1/2P1p3/8/PP2BPPP/RN1Q1RK1 b kq - 0 13,g7b2 d1d7 e8f8 d7f7,1292,76,95,10096,fork mate mateIn2 opening short,https://lichess.org/JqNoqRQk/black#26,Modern_Defense Modern_Defense_Other_variations
cwcZG,8/1K1k4/8/P2Pp3/4Pp2/7p/5B1n/8 b - - 0 56,h2f3 a5a6 h3h2 a6a7 f3d4 a7a8q h2h1q a8c8,1131,81,94,2067,advancedPawn crushing endgame master promotion veryLong,https://lichess.org/ao9DsYkb/black#112,
dERyA,3k1r2/p1p2q2/1p1p3p/3Pp1p1/3b4/1Q1P2P1/PP3PP1/1R3RK1 w - - 0 29,b3a4 d4f2 f1f2 f7f2,1113,81,91,563,crushing endgame kingsideAttack short,https://lichess.org/KWtXFWeO#57,
dNF8C,2r1r3/5ppk/pB5p/1p1q1n2/1P6/2PP2RP/3Q3K/4R1N1 w - - 2 30,d2g2 d5g2 g3g2 e8e1,1292,77,93,1236,advantage middlegame short,https://lichess.org/2glOKnD6#59,
dP7rr,2k5/p5R1/7r/8/6RP/KP4P1/8/3r4 w - - 5 43,g7a7 d1a1 a3b4 a1a7,922,79,97,575,advantage endgame rookEndgame short skewer,https://lichess.org/rhyF7M1Q#85,
dU8SX,6r1/pp2n3/3kP2r/3p4/b1nN4/P1P5/2P3BP/4RR1K b - - 1 25,e7c6 d4f5 d6c5 f5h6,956,80,97,6693,crushing fork master middlegame short,https://lichess.org/vLVybYec/black#50,
daFSX,r1b4r/pp3pkp/4pbp1/8/4R3/4B1P1/P1qQ1P1P/3R2K1 b - - 7 28,c2e4 e3h6 g7g8 d2d8 f6d8 d1d8,866,78,99,709,long mate mateIn3 middlegame pillsburysMate sacrifice,https://lichess.org/d2zBFYmW/black#56,
dc7tk,r2qk2r/ppp2bp1/2nb1nQp/3pp3/8/2P1PNB1/PP1NBPPP/R3K2R w KQkq - 4 12,g6g7 h8h7 g7h7 f6h7,1867,74,95,16912,advantage middlegame short trappedPiece,https://lichess.org/mshn6gVg#23,Queens_Pawn_Game Queens_Pawn_Game_Accelerated_London_System
djrMV,r2qk2r/p4ppp/1ppp1bn1/n2Pp3/2P1PP2/2NB2QP/PP4P1/R1B1K2R w KQkq - 3 14,f4f5 f6h4 e1g1 h4g3,834,86,93,1043,crushing middlegame pin short,https://lichess.org/Ggyyba4g#27,Ponziani_Opening Ponziani_Opening_Other_variations
dmdYW,rnb2r1k/pp4pp/1p5n/4Qp2/1P2pP2/4P1P1/qB1P3P/2KR1BNR b - - 3 18,a2e6 e5g7,728,89,96,1986,kingsideAttack mate mateIn1 middlegame oneMove,https://lichess.org/KQ8VGoJ3/black#36,Vant_Kruijs_Opening Vant_Kruijs_Opening_Other_variations
dnIYA,4q3/1R6/4p1bk/1p1pB2p/P2P4/5PN1/6PP/6K1 b - - 2 34,h5h4 e5f4,1586,85,91,3904,endgame mate mateIn1 oneMove,https://lichess.org/DXnxvXAZ/black#68,
dyxyS,r5k1/6p1/6p1/1B3p2/2P1PP2/5KP1/Pr5P/R7 w - - 0 31,e4e5 a8a3,1106,75,100,535,endgame mate mateIn1 oneMove,https://lichess.org/EtkCxbTC#61,
eC5ug,r1bR3k/p1q4p/npp1pp1N/8/4pPQ1/1P2P3/P1P3PP/6K1 b - - 0 24,c7d8 h6f7,967,76,97,1433,cornerMate endgame mate mateIn1 oneMove,https://lichess.org/Rdyq5dsF/black#48,
eEm5O,6r1/5p2/ppkp3p/2bQpR1b/P1P1P3/6q1/7N/5R1K b - - 3 33,c6c7 f5f7 h5f7 f1f7 c7d8 d5a8,1593,77,94,8941,long mate mateIn3 middlegame,https://lichess.org/cObL2ghH/black#66,
eLPUQ,r5k1/1ppq1rp1/1b2P1QB/1N6/8/8/5PPP/5RK1 b - - 0 29,f7f6 g6f6 g7f6 e6d7,1669,74,96,1303,advancedPawn advantage middlegame short,https://lichess.org/VD9w1pcT/black#58,
eQqqr,r2q1k1r/1p5p/p2bQPn1/4n1N1/5P2/8/PB4PP/2R3K1 b - - 0 20,d8d7 f4e5 d7e6 g5e6 f8f7 e6g5,1809,76,92,2569,advantage exposedKing long master middlegame,https://lichess.org/z7jyRHp2/black#40,
eTmly,6k1/2pn2pp/qp2p3/6P1/3P3P/1Pn1P3/1BP2rB1/Q2K2R1 w - - 0 27,b2c3 a6e2 d1c1 e2c2,1192,74,98,1918,mate mateIn2 middlegame short,https://lichess.org/tsg7lL3y#53,
eW212,r3r1k1/2p2ppp/p4n2/8/3N1b2/1PPbR3/1P1P1PPP/RNB3K1 w - - 9 15,e3d3 e8e1,617,85,100,642,mate mateIn1 middlegame oneMove,https://lichess.org/g6v1OVxl#29,Ponziani_Opening Ponziani_Opening_Other_variations
eYw3J,r3k2r/pp2np1p/2n1pN2/1B3p2/1b6/4B2P/PP3PP1/R4RK1 b kq - 1 16,e8f8 e3h6,1175,78,92,1476,mate mateIn1 middlegame oneMove,https://lichess.org/zpfQ7ZdK/black#32,Caro-Kann_Defense Caro-Kann_Defense_Exchange_Variation
ealuA,4r3/1bq2pbk/pp3np1/7p/PP1Np3/2N1Q2P/2PR1PP1/3R2K1 w - - 1 26,b4b5 g7h6 e3e1 c7c3,2216,78,93,5737,advantage middlegame short,https://lichess.org/TGeiEeL0#51,
efwOo,7Q/8/1p2p3/6Rn/4P3/5k2/r6K/8 w - - 3 38,h2h3 h5f4 h3h4 a2h2,981,78,95,500,endgame mate mateIn2 short,https://lichess.org/weQ6uL69#75,
ekYmx,6k1/1b3pp1/3r3p/2p5/8/2PB4/PP3P1P/3R1RK1 w - - 3 24,d3c4 d6g6,846,78,99,1716,endgame mate mateIn1 oneMove pillsburysMate,https://lichess.org/QaEUt2lv#47,
ekwxp,8/B2n4/P2k2p1/5pPp/3K1P1P/8/8/8 w - - 1 50,a7b8 d7b8 a6a7 b8c6 d4c3 c6a7,2047,76,96,1024,crushing endgame hangingPiece long,https://lichess.org/WZNvwHsb#99,
elFtu,r3k2r/ppp2pp1/2np4/4p3/4P1p1/P1P4q/1BPP1P1N/R2Q1RK1 w kq - 0 14,d1g4 h3h2,929,89,95,571,kingsideAttack mate mateIn1 middlegame oneMove,https://lichess.org/knY8d4JI#27,Three_Knights_Opening Three_Knights_Opening_Other_variations
evN6N,8/7p/R4p1k/3p1r2/1P1K1N2/P3P1p1/8/8 w - - 0 35,b4b5 f5f4 e3f4 g3g2 a6f6 h6g7 f6c6 g2g1q,1334,78,94,1887,advancedPawn advantage endgame promotion sacrifice veryLong,https://lichess.org/1IRMYBvz#69,
ewAp6,5R2/8/4p1KP/4kp2/8/5P2/5r2/8 b - - 0 48,f2f3 h6h7 f3g3 g6f7,1218,75,100,1516,advancedPawn crushing defensiveMove endgame rookEndgame short,https://lichess.org/AKg14Rfd/black#96,
ez6jc,r1bqn1k1/ppp1b1pp/3p2r1/3Pp3/1P2P3/N1PB1QPP/P2B3K/R4R2 b - - 0 17,d8d7 f3f7 g8h8 f7f8 e7f8 f1f8,1195,75,97,3345,backRankMate long mate mateIn3 middlegame sacrifice,https://lichess.org/4PyMXl4k/black#34,Philidor_Defense Philidor_Defense_Other_variations
f0OcZ,8/8/6pp/4k3/5pKP/5P2/5P2/8 w - - 4 43,h4h5 g6g5 g4h3 e5f5 h3h2 g5g4,2084,83,90,622,crushing endgame long pawnEndgame quietMove zugzwang,https://lichess.org/9hzlY7ZI#85,
f2iVP,8/1r4k1/1P1p1bp1/4p2p/5P2/3KB3/2P5/R7 b - - 1 42,e5f4 a1a7 b7a7 b6a7,1386,76,90,1998,advancedPawn crushing endgame short,https://lichess.org/cLrtYZoH/black#84,
fFE4A,r2qk1r1/pp2ppnp/2n3p1/2p2bP1/4N2P/1P1P4/P1P2PB1/R2QK1NR w KQq - 1 12,e4c5 d8a5 d1d2 a5c5,1248,77,90,1806,advantage fork middlegame short,https://lichess.org/bL0KsytW#23,Sicilian_Defense Sicilian_Defense_Snyder_Variation
fG2rF,5q2/1p6/p1p5/1k1p4/8/8/1Q6/7K b - - 3 65,b5c5 b2a3 c5d4 a3f8,1225,82,91,595,crushing endgame queenEndgame short skewer,https://lichess.org/9leUPAtX/black#130,
fGbX8,r1b2rk1/5pp1/p3p2p/1p2P3/2P1N2P/6Q1/q4PP1/2RR2K1 b - - 1 23,b5c4 e4f6 g8h8 f6h5 f8g8 d1d8,1604,76,94,19277,crushing long middlegame pin,https://lichess.org/VvcTimFG/black#46,
fKbEH,r3r1k1/pp3Rb1/8/2pp2NQ/8/3P4/P1Pn2PP/6qK w - - 0 22,h1g1 g7d4 g1h1 e8e1 f7f1 e1f1,1584,76,99,5067,backRankMate long mate mateIn3 middlegame,https://lichess.org/AuuO9o9f#43,
fQ1TO,r2q1rk1/1R3pp1/4p3/3pP1N1/2bP3P/1p6/1Q3PP1/2R3K1 b - - 0 27,a8a2 b2b1 d8g5 h4g5,1636,74,91,680,crushing master middlegame short,https://lichess.org/yawr4K0w/black#54,
fSLqp,4k3/r3b2p/4p1pP/3pPpP1/3P1P2/pRPK4/P7/2B5 w - - 3 52,c3c4 d5c4 d3c4 a7c7 c4d3 c7c1,1111,84,95,946,advantage attraction endgame long skewer,https://lichess.org/3SCKdXHL#103,
fYGZ8,1r6/3Pk2p/1b2P1p1/p2P4/2p5/P6P/6P1/5R1K b - - 2 40,b8f8 d5d6 e7e6 f1f8,1946,77,92,927,endgame,https://lichess.org/0IEbMTrJ/black#80,
faPP4,4r2k/p1p3p1/1bQ4p/8/2p2K2/4r3/PR4PP/8 b - - 3 36,e8e4 c6e4 e3e4 f4e4,802,83,97,1811,advantage endgame short,https://lichess.org/16wpnmot/black#72,
feRD5,r1r3k1/4bpp1/4p2p/3p4/N4P2/1P4P1/2P1R2P/1R4K1 w - - 0 29,a4b6 e7c5 g1f1 c5b6,830,84,97,2864,advantage endgame fork short,https://lichess.org/mXpkmQzn#57,
fjCnV,2k2r2/p1p4p/2Pp3r/1Q2p3/5q2/2P1R3/P7/2K1R3 b - - 0 35,h6h3 b5b7 c8d8 b7b8 d8e7 b8c7 e7e6 c7d7,1205,74,100,694,advantage deflection endgame veryLong,https://lichess.org/mIVW5H9u/black#70,
fjHxZ,8/2pq1pk1/1pNp1Pp1/p2Pp1p1/P1P1PbP1/7Q/1PK2P2/8 b - - 0 37,g7f6 h3h8,817,77,100,746,endgame master mate mateIn1 oneMove,https://lichess.org/UocXUEJC/black#74,
fjOcO,5rk1/5qpp/4R3/1ppQ4/8/2P5/P1b2PPP/R5K1 w - - 1 22,d5d6 f7f2 g1h1 f2f1 a1f1 f8f1,741,86,100,515,backRankMate endgame long mate mateIn3 sacrifice,https://lichess.org/BsQrXxVP#43,
fk7Iz,8/4k3/5p1r/5K2/3B2B1/8/8/8 b - - 11 60,h6h4 d4f6 e7d6 f6h4,1177,75,97,6427,crushing endgame fork short,https://lichess.org/e108NM1O/black#120,
fn9kS,8/p2q1kbp/2p5/4Rp1B/1P6/2B3PP/P4PK1/8 b - - 2 38,f7f8 e5e8 d7e8 c3g7 f8g7 h5e8,1909,77,93,1520,crushing deflection discoveredAttack endgame exposedKing long master sacrifice,https://lichess.org/dRrcqMF1/black#76,
fncK4,r5k1/2r2p1p/p1N1p1p1/1p6/3Pn3/3KP1P1/2Q2q2/R1R5 w - - 2 27,d3e4 f2f5,924,79,97,941,mate mateIn1 middlegame oneMove,https://lichess.org/jEYS2Smx#53,
frfvc,4Q3/pp4pk/4p2p/3p4/5n1B/8/P2q2PP/4R2K w - - 7 36,e8b5 d2g2,1179,77,96,3370,endgame mate mateIn1 oneMove,https://lichess.org/3HxP1kF8#71,
ftbkF,1k6/pppn1p1p/5q1b/3P4/3P4/2P3Q1/PP1B1p1P/5B1K b - - 1 26,h6d2 g3g8 d7f8 g8f8 f6d8 f8d8,683,82,100,512,endgame long mate mateIn3 queensideAttack,https://lichess.org/FcE7IeDf/black#52,
fxLST,r4rk1/ppp1ppbp/6p1/2n5/3qPP2/1PNB3P/bKPB2P1/3R1Q1R b - - 2 15,c5d3 f1d3 d4d3 c2d3,1687,74,92,2371,advantage middlegame short,https://lichess.org/xztuNkSg/black#30,Bird_Opening Bird_Opening_Dutch_Variation
g0B6R,1r4k1/5p1p/3pp1pB/p1p5/8/5QPP/4NPK1/3q4 b - - 2 29,b8b1 f3a8 b1b8 a8b8,1091,83,94,798,endgame mate mateIn2 short,https://lichess.org/MJdHREPN/black#58,
g9jul,r6k/pp1nNBpp/2p5/8/3n1Rb1/8/P1P3PP/7K b - - 1 20,g4e6 e7g6 h7g6 f4h4,1246,76,95,18115,mate mateIn2 middlegame pillsburysMate sacrifice short,https://lichess.org/s43MiESF/black#40,
gBOBM,8/8/4p1k1/p2r2pp/2KP2P1/1P5P/8/4R3 b - - 1 57,h5g4 e1e6 g6f5 c4d5,1409,76,97,4109,crushing endgame master rookEndgame short,https://lichess.org/UI08XOeh/black#114,
gDhuX,r4rk1/p1p4p/2Q3R1/4q3/5p1P/2P5/P4P1K/6R1 b - - 0 28,h7g6 c6g6 e5g7 g6g7,962,77,100,549,endgame mate mateIn2 short,https://lichess.org/UT0FO1uU/black#56,
gLje9,R4br1/3B1k2/4pp2/2p4p/2P5/3P2BP/1P2n1PK/4N3 w - - 2 31,g3f2 f8d6 g2g3 g8a8,1671,75,96,7814,advantage discoveredAttack middlegame short,https://lichess.org/DdPnvlt4#61,
gNfaS,r5k1/pp1n1p2/1qpP1p1p/5Q1b/8/2P2N1P/P3rPP1/2RR2K1 w - - 0 22,f5h5 b6f2 g1h2 f2g2,793,77,99,787,kingsideAttack mate mateIn2 middlegame short,https://lichess.org/Jhw6syVt#43,
gPdlp,r4rk1/ppqb1p1p/4pp2/3p1n2/3P2P1/2PQ1P2/PPB1N2b/RN2RK2 b - - 1 16,f5g3 e2g3 d7b5 d3b5,897,88,95,1386,advantage middlegame short,https://lichess.org/zvlLYoY3/black#32,Caro-Kann_Defense Caro-Kann_Defense_Exchange_Variation
gS18m,8/1p3kp1/p1p2p1p/4p3/2P1P2P/1P3P2/P1R1KP1R/3r2r1 w - - 1 30,h4h5 g1e1,1102,77,99,856,blindSwineMate endgame mate mateIn1 oneMove rookEndgame,https://lichess.org/ydOhDpxH#59,
gSY2C,5rnk/6pp/4pp2/1R6/4P3/2QBq3/2Pn2PP/1R5K w - - 1 30,b1g1 d2e4 c3e1 e4f2 e1f2 e3f2,1669,76,97,3053,advantage long middlegame,https://lichess.org/zQfmgvrL#59,
gYaSJ,r5k1/1R3ppp/1p2pq2/8/4P3/PQ4P1/1P1r1PBP/R5K1 w - - 1 22,b7b6 f6f2 g1h1 f2g2,1048,82,98,634,mate mateIn2 middlegame short,https://lichess.org/32oHxfhe#43,
gYgJm,r2qkb1r/p4ppp/1pn1pn2/2Pp4/1P1P4/2N1B3/P3NPPP/R2QK2R b KQkq - 0 10,c6b4 d1a4 f6d7 a4b4,1007,89,91,1641,advantage fork opening short,https://lichess.org/H6YQNhdE/black#20,Caro-Kann_Defense Caro-Kann_Defense_Panov_Attack
gaWKT,5rk1/p6p/2p2qpb/2pn4/P2p1P2/1P1P4/2PB2PP/R3QRK1 w - - 0 23,e1e5 f6e5 f4e5 h6d2 f1f8 g8f8,2219,81,93,5834,advantage long middlegame,https://lichess.org/QAH4VVe6#45,
gfDWJ,8/5k2/4p1p1/2p1P1Kp/p6P/1bN5/1P6/8 b - - 5 55,b3c4 c3a4 c4b5 a4c5,1562,75,91,1007,crushing endgame short,https://lichess.org/LM7zExga/black#110,
ghnn3,3r2k1/p2qrppp/8/1p6/2pnPB2/P1Q3P1/6NP/1R2R1K1 w - - 2 26,b1d1 d4e2 e1e2 d7d1,1585,77,93,2284,advantage deflection discoveredAttack kingsideAttack master middlegame short,https://lichess.org/ZThkIOkG#51,
gks9d,1r3rk1/1bp2ppp/p3p3/5q2/2P5/N1K5/1PQ2B2/R5R1 b - - 5 25,f5e5 f2d4 e5d4 c3d4,962,78,97,581,crushing defensiveMove middlegame short,https://lichess.org/oUHWTMWi/black#50,
glSOq,r3n3/pppR1kpp/5p2/8/1B2P3/2P3P1/P4PKP/8 b - - 2 19,f7e6 d7e7,937,89,90,909,endgame mate mateIn1 oneMove operaMate,https://lichess.org/bN4hgGdb/black#38,
gmHnn,2q2n2/4bkp1/3p1pn1/2pP3Q/1pP1P1R1/1N4BP/r5P1/5RK1 w - - 0 28,g3d6 e7d6 e4e5 d6e5,998,90,94,1831,advantage hangingPiece middlegame short,https://lichess.org/NH6N1zkz#55,
gshex,r4rk1/5p2/1qp1pp2/3p2P1/1P6/4P3/1KP1QP2/3R3R w - - 0 23,e2h5 b6b4 b2c1 a8a1,971,76,100,585,endgame mate mateIn2 short,https://lichess.org/5nQLMfUk#45,
gttWx,8/p2n1rk1/2pQ4/3p4/8/1PN4P/Pq3PP1/4R1K1 w - - 4 28,e1e3 b2f2 g1h2 f2e3,1413,76,93,2604,crushing endgame fork master short,https://lichess.org/FJGIb8ue#55,
gzZXG,r5Qk/pb1R2pr/1pq4N/4P3/2nP4/8/P5PP/R1B3K1 b - - 2 26,a8g8 h6f7,925,88,90,1408,mate mateIn1 middlegame oneMove smotheredMate,https://lichess.org/BA9yYYa5/black#52,
h1l4z,1k3r2/7R/BPp1P3/b2p4/3P4/8/1r2K3/R7 w - - 5 34,e2d3 f8f3,1409,76,95,2499,endgame mate mateIn1 oneMove,https://lichess.org/ANpbBKqU#67,
h33q9,r3r1k1/p2bRp1p/1p1p2p1/2q2pP1/2P2B2/1PN4Q/P5PP/4R2K w - - 1 24,e7f7 e8e1,780,81,96,674,backRankMate hangingPiece mate mateIn1 middlegame oneMove,https://lichess.org/3CLl9MOJ#47,
h8yng,1r4k1/3R3p/Q1p2bp1/5p2/4p3/P3P1P1/2q1BPP1/5K2 w - - 7 29,a3a4 b8b1 e2d1 b1d1 d7d1 c2d1,1421,76,90,2356,endgame long mate mateIn3,https://lichess.org/im2lxipq#57,
hERcd,4n1k1/1bq3pp/1p1N4/3p1Q2/8/5B1P/P4PPK/8 w - - 8 30,f3d5 b7d5 f5d5 g8h8,1716,76,90,1524,advantage defensiveMove endgame pin short,https://lichess.org/ZYvWw265#59,
hJYre,1qQ1k3/pp1n1p2/4pn2/3p2N1/1B1PP3/P6B/1P3rPr/2R3K1 b - - 1 25,b8c8 c1c8,478,82,100,517,mate mateIn1 middlegame oneMove pillsburysMate,https://lichess.org/UchUcFj5/black#50,
hRiiF,2rr4/1k3p1p/1p4pN/pq4P1/2npPP2/3Q4/PP4P1/1KR1R3 w - - 1 30,h6f7 b5b2,791,90,97,1107,master mate mateIn1 middlegame oneMove queensideAttack,https://lichess.org/UZyal8cX#59,
hWfDG,6k1/pb4pp/1p6/2ppPQ2/3P4/2N1PK2/PP1q3P/8 b - - 5 25,c5d4 f5e6 g8f8 e6d6 f8f7 e5e6 f7f6 e6e7,2148,85,91,8003,advancedPawn crushing discoveredAttack discoveredCheck endgame master veryLong,https://lichess.org/5GH4D025/black#50,
hXnxb,5q2/b7/2Qp2kp/3Pp3/2r3p1/2P3P1/7P/RR5K w - - 1 39,c6c4 f8f3,995,84,95,637,endgame mate mateIn1 oneMove,https://lichess.org/gmofrHU6#77,
hZFT4,rnb2rk1/pppp1ppN/1b5q/4P2n/3P1p2/3B4/PPP2NPP/R1BQ1K1R b - - 0 13,h5g3 h2g3 h6h1 f2h1,982,78,95,3200,crushing opening short,https://lichess.org/jndrRddn/black#26,Kings_Gambit_Accepted Kings_Gambit_Accepted_Bishops_Gambit
hbmE8,3r2k1/R6p/3qr1p1/p3pp2/2P5/2PP1Q2/5PPP/4R1K1 b - - 0 23,d6d3 f3b7 d3d7 b7d7 d8d7 a7d7,1650,76,96,4532,crushing endgame long,https://lichess.org/sYdxX6jI/black#46,
hdbkg,r5r1/1p3k1R/2p1p3/p2p2pR/3P2P1/4PP2/2P2K2/8 b - - 1 35,f7g6 h5h6,1078,85,92,1067,blindSwineMate endgame mate mateIn1 oneMove rookEndgame,https://lichess.org/pBJ3qYcu/black#70,
hdqft,r3k2r/pbpp1pbp/1pn1p1pn/P3P3/2qP1P2/N4B2/1P1Q2PP/R1B1K1NR b KQkq - 1 11,c4b4 d2b4 c6b4 f3b7,1724,76,96,12921,crushing middlegame short,https://lichess.org/B2PtDT0b/black#22,English_Opening English_Opening_Great_Snake_Variation
hhkcD,8/1p6/p5k1/4b1p1/1P3q2/P3N2P/4Q1P1/7K w - - 1 44,e3g4 f4c1 e2d1 c1d1,1156,76,92,2027,endgame mate mateIn2 short,https://lichess.org/509lz5J3#87,
hig21,8/p5p1/7p/4k3/2Rp4/1P1K2PP/r7/8 w - - 0 38,c4d4 a2d2 d3d2 e5d4,1204,85,90,807,advantage deflection endgame rookEndgame short,https://lichess.org/mlcQK1Qa#75,
hlhsv,r5k1/5rpp/pp3q2/2b5/3p4/1Q1P4/PPP2PPP/R1B1R1K1 w - - 0 17,b3d5 f6f2 g1h1 f2e1,977,78,96,3599,backRankMate fork mate mateIn2 middlegame short,https://lichess.org/LWMO9MGC#33,Sicilian_Defense Sicilian_Defense_Bowdler_Attack
i3ZH6,8/8/b1B1k2P/2p1p3/2P3P1/P4K2/1p6/8 w - - 0 43,c6e4 a6b7 e4b7 b2b1q,1883,75,98,1151,advancedPawn bishopEndgame crushing deflection endgame promotion short,https://lichess.org/97aXm0c6#85,
i6EVb,5rk1/8/p2b1p2/1p1P1Q2/1P3P2/P4q2/1B2R3/5K2 w - - 2 37,e2f2 f3h1 f1e2 f8e8 b2e5 d6e5 f4e5 e8e5 f5e5 f6e5,2090,78,91,842,crushing endgame exposedKing fork veryLong,https://lichess.org/tKkoPjVi#73,
iR1El,rn2k2r/ppq2pp1/2p1pn2/8/P5B1/2b2Q2/2PPNPK1/1RB2R2 w kq - 0 18,e2c3 c7h2,892,80,98,1350,mate mateIn1 middlegame oneMove,https://lichess.org/pBIw9ukL#35,Scandinavian_Defense Scandinavian_Defense_Main_Line
iR1Mi,5rk1/5pbp/3p2p1/4p3/p3n3/2N1qN2/Pr2B1PP/3RQR1K w - - 0 27,c3e4 b2e2 e1b4 e3e4 b4e4 e2e4,1381,77,93,13419,advantage intermezzo long middlegame,https://lichess.org/iEMPKxTK#53,
iTGDe,2R5/pp4pk/4B2p/3p4/3Pp3/P3PrP1/1Pn4P/7K w - - 1 29,e6d5 f3f1 h1g2 c2e3 g2h3 e3d5,946,77,92,708,advantage endgame fork long,https://lichess.org/5accb9fG#57,
iToBg,r6k/ppp2p1p/5P2/6R1/3p1P2/3P1K1P/r7/4R3 b - - 3 29,a8g8 g5g8 h8g8 e1e8,1023,77,98,3375,attraction endgame mate mateIn2 rookEndgame short,https://lichess.org/9Xu0IlhS/black#58,
iUJgI,r5rk/pp1b1p1p/5p1q/3p4/4pR2/PP2P2P/2PN1QB1/R5K1 w - - 8 23,g1f1 g8g2 f2g2 d7h3 g2h3 h6h3,1796,77,93,1673,crushing long middlegame pin,https://lichess.org/CGLPuCXv#45,
iUp5L,r6k/1p3p1p/pb1pbp2/5P2/4P3/nP1B2q1/P5P1/R2Q1R1K w - - 0 24,f5e6 g3h4,1152,75,98,543,mate mateIn1 middlegame oneMove,https://lichess.org/YqdG8W6t#47,
iW5qG,3Q4/5Npk/4p2p/3p4/3P4/1q2PK2/r4PPP/8 b - - 0 32,b3d1 f3g3 d1h5 d8h8 h7g6 f7e5 h5e5 d4e5,1359,75,100,851,crushing endgame veryLong,https://lichess.org/OGpB8xt9/black#64,
iY7hK,r5k1/pp3rp1/2p3Np/3b1P2/3P4/1P6/P4PP1/R3R2K b - - 0 23,f7f5 g6e7 g8f7 e7f5,836,75,100,1230,crushing endgame fork short,https://lichess.org/5JyBF9SV/black#46,
idXUj,r4rk1/pp1n1pp1/2p1p3/2P4p/7P/2B5/P3B1b1/2R1K1R1 b - - 1 21,g2d5 g1g7 g8h8 g7f7 e6e5 f7d7,1562,78,94,16347,crushing deflection discoveredAttack discoveredCheck kingsideAttack long middlegame pin,https://lichess.org/4HNiVDRT/black#42,
iiHYj,8/1p6/6k1/3P1ppp/pB3PPn/6KP/8/8 b - - 0 39,h5g4 d5d6 h4f3 d6d7,2214,81,90,715,advancedPawn crushing endgame master short,https://lichess.org/3OJGjMuq/black#78,
ijRko,r5k1/p1pp1ppp/1pq5/8/8/1P2Q3/P4PPP/4R1K1 b - - 3 26,g8f8 e3e7 f8g8 e7e8 a8e8 e1e8,990,77,97,1909,backRankMate endgame long mate mateIn3 sacrifice,https://lichess.org/bkFV3AaV/black#52,
iqNbr,r2qr1k1/pbp3pp/1p1p1p2/3P4/8/2PQ4/P1PB1PPP/R3R1K1 b - - 0 17,c7c6 d5c6 b7c6 d3c4 d6d5 c4c6,1968,75,94,10267,crushing fork long middlegame,https://lichess.org/ETLUaMgP/black#34,French_Defense French_Defense_Knight_Variation
iv5Yx,4r3/2k2pp1/2p3b1/PpP3Pp/3b3P/P1Np1B2/3K1P2/5R2 b - - 0 28,e8a8 c3b5 c6b5 f3a8,1250,75,95,9458,advantage endgame master short,https://lichess.org/F8btU0AD/black#56,
j3XQv,r5k1/1b3qpp/2p5/P1B1p2r/1P1P1p2/5P2/2P2QPP/R5RK w - - 1 28,d4e5 h5h2 h1h2 f7h5 f2h4 h5h4,886,90,90,550,attraction kingsideAttack long mate mateIn3 middlegame sacrifice,https://lichess.org/F5O7Qmed#55,
j4lYi,8/3n4/5kP1/5p1p/3K1N1P/8/8/8 b - - 4 60,d7e5 f4d5 f6e6 g6g7 e5c6 d4c5,2311,86,90,3025,advancedPawn crushing endgame knightEndgame long,https://lichess.org/zR6TayNB/black#120,
j7YDU,5r2/8/6k1/p1p1prp1/Pp2P1K1/1P1P4/2P5/5R2 w - - 0 35,f1f5 f8f5 e4f5 g6f6 g4g3 f6f5,952,89,95,749,crushing endgame long rookEndgame zugzwang,https://lichess.org/UhwRa4kX#69,
jBgnL,r5k1/pp4p1/2p1P3/3pB2p/PbP1p1b1/1P2PBQ1/5PK1/R3q3 b - - 0 28,g4f3 g2h2 f3g4 a1e1,1890,74,94,1927,advantage defensiveMove middlegame short,https://lichess.org/kr7aj2BU/black#56,
jHSPc,rn2kb1r/3ppppp/1qb5/4P3/2B1n3/2N2N2/PP1B1PPP/R2QK2R w KQkq - 1 13,d2c1 b6f2,650,89,99,760,attackingF2F7 mate mateIn1 oneMove opening,https://lichess.org/Ei2ZnyJ8#25,Benko_Gambit Benko_Gambit_Zaitsev_System
jT9vl,7k/6p1/8/2pB1Rp1/r2b4/6P1/5PKP/8 b - - 4 36,g5g4 f5h5,980,79,100,525,endgame mate mateIn1 oneMove,https://lichess.org/sckqMT9g/black#72,
jdugD,r4rk1/ppn2ppq/2p1p3/4Pn2/2QPN1p1/7P/PP3P2/1K1R2R1 b - - 0 19,g4h3 e4f6 g8h8 f6h7,876,77,98,1141,advantage kingsideAttack middlegame pin short,https://lichess.org/J0aXcDwf/black#38,
jmciv,1nk4r/1pp4r/1p3p2/5b2/1PPPp1p1/4B1P1/3NBP2/R1R3K1 w - - 1 23,f2f4 h7h1 g1g2 h8h2,983,82,97,685,blindSwineMate kingsideAttack mate mateIn2 middlegame short,https://lichess.org/sZ1LhFJz#45,
jnXPC,3Rrk2/1RP2p2/2r5/8/1p3P2/1P3n2/1K6/8 w - - 7 50,d8e8 f8e8 b7b8 e8d7,836,84,100,551,advantage endgame master short,https://lichess.org/Ms2WucaR#99,
jowA6,r3k2r/p3n1pp/4p3/2npPp2/P4P2/2B4P/2P2P2/2KR1B1R b kq - 0 18,c5a4 f1b5 e8f7 b5a4,793,86,98,1702,advantage fork middlegame short,https://lichess.org/zXepts7i/black#36,Caro-Kann_Defense Caro-Kann_Defense_Other_variations
ju6kq,r1bqNnk1/pp3Rp1/2p1p2p/6Nn/2PP4/3B3P/PP4P1/5RK1 b - - 1 24,d8e8 f7f8 e8f8 d3h7 g8h8 f1f8,1988,75,95,14944,fork long mate mateIn3 middlegame sacrifice,https://lichess.org/Kn448nyT/black#48,
k69zK,8/1pkr1n1p/3bRBp1/1p6/5P2/8/P1P3PP/2KR4 w - - 1 25,g2g3 d6a3 f6b2 a3b2 c1b2 d7d1,1157,76,96,10939,advantage endgame long,https://lichess.org/PXLq3ngD#49,
kBILa,8/2r5/R3pk1p/5p2/1Npb4/7P/2K5/8 b - - 1 54,d4c5 b4d5 f6e5 d5c7,894,87,94,1541,crushing endgame master pin short,https://lichess.org/AmQ6GYLH/black#108,
kCwNz,1k1r4/1p3p2/p1pqb1p1/2n1p1P1/4P3/P3BP2/1PP2Q2/1K5R w - - 0 32,e3c5 d6d1 h1d1 d8d1,597,81,100,631,endgame mate mateIn2 pillsburysMate queensideAttack sacrifice short,https://lichess.org/YlGfMZfl#63,
kGxtR,8/8/1pb5/p6B/5k1p/P1P4P/5KP1/8 w - - 2 39,h5f3 c6f3 g2f3 b6b5,1019,86,93,796,bishopEndgame crushing defensiveMove endgame master short zugzwang,https://lichess.org/l0wGhBXV#77,
kHbgN,1r3r2/p5k1/2pp3R/6p1/3P4/1PN1Pq2/2PQ3K/7R w - - 5 33,h6h3 f8h8 h2g1 h8h3 h1h3 f3h3,1747,75,93,1728,crushing long master middlegame pin,https://lichess.org/iWwEtvz3#65,
kNS4U,r1r3k1/2q2pbp/2ppb1p1/pP6/3PB3/5N2/PPQ2PPP/1K1RR3 b - - 0 18,c6b5 c2c7 c8c7 e4a8,1393,83,93,2063,crushing master middlegame short,https://lichess.org/9Eoc5VBE/black#36,Trompowsky_Attack Trompowsky_Attack_Other_variations
kOlq8,3r2k1/5pp1/p2P3p/5R2/2p1n3/2P4P/6P1/3R3K w - - 1 31,d6d7 e4g3 h1g1 g3f5,1335,75,100,4392,advantage endgame fork short,https://lichess.org/PingkJl1#61,
kT4za,4k2r/pp3ppp/2r1p3/3pn1B1/6bP/2N5/PPP2P2/R2QK2R w KQk - 2 15,d1d4 e5f3 e1f1 f3d4,933,79,100,525,advantage fork middlegame short,https://lichess.org/jTND7vLq#29,Caro-Kann_Defense Caro-Kann_Defense_Exchange_Variation
kTOxH,rn3rk1/ppp3p1/3pp2p/6q1/4PnN1/3P4/PPPN1PPP/R2Q1RK1 w - - 3 13,g4e3 f4h3 g1h1 h3f2 f1f2 f8f2,1470,78,93,1467,advantage deflection fork long middlegame pin,https://lichess.org/GxgxgpfU#25,Philidor_Defense Philidor_Defense_Other_variations
kVu5z,r4rk1/pp3p1p/1qn1pP2/3p4/3Nn1P1/PPB1Q3/2P4P/R4RK1 b - - 0 23,e4c3 e3g5 g8h8 g5g7,1179,80,90,736,kingsideAttack mate mateIn2 middlegame short,https://lichess.org/h7SwGKBF/black#46,
kZmPF,r3r1k1/pp3pp1/2p4p/3n4/4N3/P2P3P/1P2RKP1/4R3 b - - 2 26,d5f4 e4f6 g7f6 e2e8 a8e8 e1e8,751,84,97,729,advantage discoveredAttack endgame long,https://lichess.org/MXcO7YjD/black#52,
kltFs,8/1p3p2/2b5/3NRP2/3k2Pp/P6P/r5BK/8 w - - 4 50,d5b4 a2g2 h2h1 c6f3,2312,90,90,593,advantage endgame master short,https://lichess.org/4E2OAsPm#99,
ko9qr,8/8/3R3p/6pk/r2p4/7P/6PK/8 b - - 1 51,a4c4 g2g4 h5h4 d6h6,875,85,93,578,deflection endgame mate mateIn2 rookEndgame short,https://lichess.org/caZj4BJ3/black#102,
koHgD,1r3rk1/5p2/1p2R1pp/2p5/p1P1Q3/2PB3P/P2q1PP1/4R1K1 b - - 0 23,f7e6 e4g6 g8h8 g6h7,1351,76,98,4175,endgame kingsideAttack mate mateIn2 short,https://lichess.org/z86P89J4/black#46,
kvRiY,r2q1rk1/ppp3pp/8/3p4/4nP2/P2Q4/1P4PP/R1B2R1K b - - 2 17,d8h4 d3d5 g8h8 d5e4,922,89,97,1092,advantage fork middlegame short,https://lichess.org/zc6LQFEY/black#34,Nimzowitsch_Defense Nimzowitsch_Defense_Other_variations
kzyUB,4r1k1/p1p4p/2p3p1/8/2P2r2/2P2B2/P1bR2P1/6KR w - - 0 27,d2c2 e8e1 g1h2 f4h4,979,77,96,672,advantage endgame master short,https://lichess.org/3xgH7M4G#53,
l63oC,r1b2b1k/2p2r2/3p2Rp/pNpP4/P1P2p1q/7P/1PBQ1P1K/R7 w - - 4 26,a1g1 h4h3,919,89,95,1477,mate mateIn1 middlegame oneMove,https://lichess.org/tNfjzbME#51,
lC0sV,8/1pp5/p7/2Pr1kpp/1P2R3/P3KP2/5P2/8 w - - 0 39,e4e7 d5e5 e7e5 f5e5,921,87,91,566,crushing endgame rookEndgame short,https://lichess.org/NEebPsDN#77,
lDv6Q,r1b2rk1/pp2qppp/2nbpn2/2ppN3/3P4/2PBP1B1/PP1N1PPP/R2QK2R b KQ - 8 9,c6e5 d4e5 d6e5 g3e5,1357,81,91,1074,crushing fork opening short,https://lichess.org/WudZ48Yj/black#18,Queens_Pawn_Game Queens_Pawn_Game_Accelerated_London_System
lTyI8,3qkb1r/1p1n1pp1/4pn1p/1N1p4/2pP1BPP/4PP2/rPPQ4/1K1R2NR b k - 1 15,d8a8 b5c7 e8d8 c7a8,969,81,97,1031,advantage fork middlegame short,https://lichess.org/bFUoD5Tj/black#30,Rapport-Jobava_System Rapport-Jobava_System_Other_variations
lUwgz,8/pp3r2/3kpnp1/3p2P1/3P1R2/1P2P3/P3K3/8 w - - 0 43,f4f6 f7f6 g5f6 d6d7,1977,79,90,1375,advantage defensiveMove endgame rookEndgame short,https://lichess.org/TqoQCSUC#85,
lXJ6H,2R5/1k2r1p1/2R5/pp5p/3p3P/1PnN2P1/4r3/2K5 b - - 11 43,e2g2 d3c5 b7a7 c6a6,1271,89,93,588,endgame mate mateIn2 short,https://lichess.org/TATat8yN/black#86,
lbfFj,r1q2k1r/4n1pp/np2p3/1Qp1PpN1/2P5/P6P/1BB2P2/2KR4 b - - 1 28,h7h6 d1d8 c8d8 g5e6 f8f7 e6d8,1587,80,94,2003,advantage attraction deflection fork long middlegame sacrifice,https://lichess.org/4CQqqDEL/black#56,
lfmxJ,r2qkb1r/ppp1n1pp/2np1B2/3N4/2QNP1b1/8/PPP2PPP/R3KB1R b KQkq - 0 10,g7f6 d5f6,1058,75,100,736,mate mateIn1 oneMove opening,https://lichess.org/TsSEjWYE/black#20,Center_Game Center_Game_Other_variations
lhMF2,3r1rk1/5ppp/2b2n2/R2N1q2/1bP5/1P1PB2P/5PP1/3QR1K1 b - - 0 24,b4a5 d5e7 g8h8 e7f5,958,90,95,1582,advantage fork middlegame short,https://lichess.org/WF13538J/black#48,
lmKu9,r2b1r1k/1p3pq1/p1p2Np1/4P1QR/8/8/PP3PPP/R5K1 b - - 0 25,g6h5 g5h5 g7h6 h5h6,958,80,96,1083,kingsideAttack mate mateIn2 middlegame short,https://lichess.org/tz8d4DKX/black#50,
lo7FE,2r2rk1/3q1p1p/6pP/Qp2pb2/P2p4/1B3P2/1PP3P1/2KR3R b - - 0 24,b5a4 a5e5 c8c2 b3c2,1611,76,95,18477,crushing middlegame short,https://lichess.org/W1DqQZc0/black#48,
lsjqj,r1br2k1/ppb2ppp/2pq1n2/8/8/1PNBP1P1/P1Q2P1P/R1B2RK1 w - - 1 15,c1b2 d6d3 c2d3 d8d3,1308,76,90,4829,crushing middlegame short,https://lichess.org/QxpoUxEU#29,Indian_Defense Indian_Defense_Other_variations
m3i7V,r5k1/1p3pN1/6p1/1QP4p/pP6/P3nN2/1q3nPP/R4RK1 w - - 0 26,a1b1 f2h3 g2h3 b2g2,1099,75,100,843,clearance kingsideAttack master mate mateIn2 middlegame sacrifice short,https://lichess.org/5CxPp3Lh#51,
m7HoJ,2r1r1k1/1pP2ppp/p4n2/8/2R1B3/4P3/PP4PP/2R3K1 b - - 0 25,e8e4 c4e4 f6e4 c1d1 g7g6 d1d8,2134,75,93,3457,advantage endgame long quietMove,https://lichess.org/hpP8qPqd/black#50,
m8Wg9,1k1r4/ppp2P2/1b1p4/4P3/8/3P2K1/PPn5/5R2 b - - 0 40,d8f8 e5e6 c2e3 e6e7,1173,82,94,7621,advancedPawn advantage endgame short,https://lichess.org/KJrh76nL/black#80,
mAXie,6k1/p3pp2/6p1/2p2b1p/2Pq1N1P/1P4P1/P3QP2/6K1 w - - 4 30,e2e7 f5e4 e7e8 g8g7 f4e6 f7e6,2032,75,97,1319,crushing endgame long quietMove,https://lichess.org/CHNrGy1R#59,
mRQm7,r1b5/ppp2k2/3pprNp/4Q1pP/2q2P2/4P3/P1B3P1/R2K3R w - - 0 22,f4g5 f6f1 h1f1 c4f1,987,77,100,933,advantage master middlegame short,https://lichess.org/pR0WeU9J#43,
mSN1S,r2q2nr/pppn1k2/6p1/4N2p/3pP1b1/3P2P1/PPP3P1/R1BQ1RK1 b - - 0 12,f7g7 f1f7,813,86,98,1481,epauletteMate master mate mateIn1 oneMove opening pillsburysMate,https://lichess.org/qHhxGC7p/black#24,Scandinavian_Defense Scandinavian_Defense_Other_variations
mSVh8,r2q1r1k/pbp4p/1p3nB1/2b3B1/3n4/5N1Q/PPP3PP/RN3R1K b - - 0 15,d4f3 g5f6 f8f6 h3h7,1459,79,93,2299,kingsideAttack mate mateIn2 middlegame pin short,https://lichess.org/mXwQXfQv/black#30,Alekhine_Defense Alekhine_Defense_Maroczy_Variation
ma3sg,3r2k1/4b2R/p3P1p1/1ppr2p1/8/1P6/PBP2KP1/4R3 b - - 0 38,g8h7 e1h1 h7g8 h1h8,929,89,93,545,endgame mate mateIn2 operaMate short,https://lichess.org/QXd569Kk/black#76,
mbZbo,5rk1/3n2pp/p2p4/2PPp1q1/PP3P2/1Q5b/R4B1b/5RK1 w - - 1 25,g1h2 g5g2,788,79,99,839,master mate mateIn1 middlegame oneMove,https://lichess.org/mGxD1CQR#49,
mjq45,2r3k1/6p1/p4r2/P1NP1p1q/1Pp1p1b1/4P3/2QR1PPP/5R1K w - - 3 34,f2f3 f6h6 g2g3 g4f3,2085,79,90,612,crushing middlegame quietMove short,https://lichess.org/8P3qYlQU#67,
mk1tl,2rr2k1/1p2bppp/p1q1pnn1/6B1/8/1BP2N1P/PPQ2PP1/4RRK1 w - - 0 25,f3d4 d8d4 c3d4 c6c2 b3c2 c8c2,1250,80,93,1404,crushing long middlegame,https://lichess.org/bsOUgrWQ#49,
n56On,4r1k1/p1p2r1p/2p1b1pB/2q1p1Q1/n1P5/8/P4PPP/1BR1R1K1 w - - 2 32,e1e5 c5f2 g1h1 f2f1 c1f1 f7f1,915,89,90,571,backRankMate long mate mateIn3 middlegame sacrifice,https://lichess.org/vICunXWZ#63,
nAnpT,4r3/7R/p7/1p1p1pkR/1PpP4/P2brP2/5K2/8 b - - 12 45,g5f4 h5h4 f4g5 f3f4 g5g6 h4h6,1791,76,95,6137,blindSwineMate endgame long mate mateIn3,https://lichess.org/m476T5sR/black#90,
nDN7v,8/R5pk/1p5p/3N3P/2Pp4/8/1n4r1/2K5 b - - 2 44,b2c4 d5f6 h7h8 a7a8,913,85,95,601,endgame mate mateIn2 pin short,https://lichess.org/eFD7u3Cq/black#88,
nIn36,2r3k1/1p3p2/p2qpQp1/3pN1Pp/1P5P/P3n3/2r2P2/R4RK1 b - - 1 27,e3g4 f6f7 g8h8 e5g6,952,82,97,4671,cornerMate kingsideAttack mate mateIn2 middlegame short,https://lichess.org/bhD8xE5U/black#54,
nKJFT,2rq1rk1/1b2bp2/pn2p2Q/1p1nP3/8/P1NB1PN1/1P4PP/3R1RK1 b - - 0 18,e7g5 h6h7,913,79,92,763,mate mateIn1 middlegame oneMove,https://lichess.org/3shHqwSN/black#36,Sicilian_Defense Sicilian_Defense_Alapin_Variation
nLDNk,r3r1k1/pp3p1p/2pb2p1/1P1p4/P7/1QN2B1P/5PPq/2R1RK2 w - - 5 22,c3e2 h2h1 e2g1 d6h2,2022,76,94,4877,advantage clearance middlegame short,https://lichess.org/kWWXp3f8#43,
nSVzN,7q/5pk1/4b1p1/2Qn4/p1n1P3/P4P2/1rP1N1P1/2KR1B2 w - - 0 23,e4d5 b2b1 c1b1 h8b8 c5b4 c4a3 b1c1 b8b4,2393,78,93,1386,attraction crushing middlegame pin queensideAttack sacrifice veryLong,https://lichess.org/woAMn3TG#45,
nYZEm,rr4k1/p1p2p2/2p2n2/3P2p1/N2Pp1q1/QP2P1P1/P4PKP/2RR4 w - - 1 22,c1c6 g4f3 g2g1 f3d1,1524,76,94,3771,crushing fork middlegame short,https://lichess.org/Y1SdHBYv#43,
ndWgu,1r6/4k3/2R3p1/P1pB1n2/2P3p1/8/5P1P/7K w - - 0 39,c6g6 b8b1 h1g2 f5h4 g2g3 h4g6,1172,77,95,537,advantage endgame fork long,https://lichess.org/YtNzkP5H#77,
ne1WZ,5rk1/1p2Kp2/3p2p1/p2P4/4P3/P2p2PR/5r2/R7 b - - 3 38,g8g7 a1h1 f8e8 e7e8,1594,76,94,12914,crushing endgame quietMove rookEndgame short,https://lichess.org/t4Htt0bd/black#76,
ngpdc,8/6p1/2p1kpnp/1pPp4/1P1P1P2/3N1KP1/7P/8 b - - 4 29,e6f5 g3g4 f5e6 f4f5 e6f7 f5g6,980,82,96,1405,crushing endgame fork knightEndgame long,https://lichess.org/BgST6AEJ/black#58,
nhsZo,r4qk1/1b4pp/p1ppp3/4n1Q1/4P2P/2NB4/PPP3P1/2K4R w - - 1 18,h1f1 e5d3 c2d3 f8f1,1048,89,93,1605,crushing middlegame queensideAttack short,https://lichess.org/dkp4Pf9M#35,Sicilian_Defense Sicilian_Defense_Najdorf_Variation
nmSAz,1k2r3/1pp5/3p4/8/6Q1/PPq2p1r/2P2R2/1K3R2 w - - 7 44,g4h3 e8e1 f1e1 c3e1 b1b2 e1f2,934,78,96,1228,crushing endgame fork long,https://lichess.org/9ULVatlg#87,
nmXld,r3r1k1/5pbp/p1bp2p1/1p1N4/6q1/1Q6/PP1B1PPP/1R2R1K1 b - - 7 20,e8e5 e1e5 d6e5 d5e7 g8h8 e7c6,1548,75,100,658,advantage fork long middlegame,https://lichess.org/S159wKoU/black#40,
nmuE4,3r2r1/1p1k1p2/2pp3p/8/1PP1q2N/PQ4Pp/4bP1K/4RR2 b - - 3 28,g8g4 f2f3 g4g3 f3e4 g3b3 e1e2,1916,78,91,2296,advantage capturingDefender fork long middlegame,https://lichess.org/wGQSXYFJ/black#56,
npuir,2kr3r/pppq4/3p1b2/4p3/2PNP1Q1/8/PP3PP1/R4RK1 w - - 0 21,d4f5 d8g8 f5d6 c7d6 g4d7 c8d7,2091,82,91,2256,advantage long middlegame,https://lichess.org/6Sw6sBfw#41,
nrZSQ,6r1/8/6P1/1pp2K2/p1k1N3/P1P5/1P6/8 b - - 2 61,g8c8 e4d6 c4b3 d6c8,828,90,94,1991,crushing endgame fork master short,https://lichess.org/fdGppE0M/black#122,
nsEjj,2rqk2r/bb1p2p1/p1n1pp2/1p5p/3NP1n1/2PBBN2/PP3PPP/R2Q1RK1 b k - 1 14,g7g5 d4c6 g4e3 c6d8 e3d1 d8b7,1710,75,90,1901,crushing long opening,https://lichess.org/WdOTwmK6/black#28,Sicilian_Defense Sicilian_Defense_Bowdler_Attack
nsX5r,2kr2N1/pp6/2n1p3/6p1/3q4/b2P2p1/P1R1PPB1/3Q1RK1 w - - 3 25,c2c4 g3f2 f1f2 d4c4 d3c4 d8d1,1901,78,91,554,advancedPawn advantage discoveredAttack kingsideAttack long middlegame,https://lichess.org/MDOrQvMj#49,
nvK4H,rnb2rk1/pp3ppp/2pbp3/3nq3/8/2N3PP/PPPBNPB1/R2QK2R b KQ - 2 12,d5c3 d2c3 e5d5 g2d5,1343,74,95,6040,advantage opening short,https://lichess.org/S494Ye6f/black#24,Czech_Defense Czech_Defense_Other_variations
nzbsT,1k3r2/ppq1np2/4pQp1/2pp2Nr/7P/1PPP4/P4P2/2KR3R b - - 2 26,e7f5 g5e6 c7d6 e6f8,1334,81,94,1102,advantage middlegame short,https://lichess.org/mb7nnabP/black#52,
o4pxk,2k4r/4Ppbp/p1q3p1/1pn5/5B2/3r1P2/PPPQ1P1P/2KRR3 w - - 0 17,d2d3 c5d3 d1d3 h8e8,2164,84,92,1238,advantage master masterVsMaster middlegame pin short,https://lichess.org/sLBMJ79g#33,Modern_Defense Modern_Defense_Other_variations
oCRSy,r3k2r/ppp1qp2/1b1p4/5Np1/2BPPnb1/2P1Qn2/PP1N1BPP/R4R1K w kq - 3 17,f5e7 h8h2,865,78,98,883,arabianMate kingsideAttack mate mateIn1 middlegame oneMove,https://lichess.org/09ECfrU4#33,Kings_Gambit_Accepted Kings_Gambit_Accepted_MacLeod_Defense
oDIed,rn2Rbk1/1p3rpp/8/p7/3pN3/3P2Q1/PPq2PPP/R1B3K1 w - - 0 17,e4g5 c2d1 e8e1 d1e1,1266,83,94,1071,kingsideAttack mate mateIn2 middlegame short,https://lichess.org/9oz8XvD7#33,Russian_Game Russian_Game_Italian_Variation
oDm7p,r1b1r1k1/ppb2pp1/2n4p/2P5/1P6/P1NQPP2/2R2KPP/1q3B1R b - - 4 19,b1a1 c2a2 a1c1 c3e2 c1e3 d3e3 e8e3 f2e3,1792,77,95,12649,advantage middlegame veryLong,https://lichess.org/v0DoVU2T/black#38,Gedults_Opening Gedults_Opening_Other_variations
oLSkg,r1b2rk1/pp3pbp/2p1pnp1/6N1/3qN3/3B3Q/PPP3PP/R4R1K b - - 1 16,e6e5 e4f6 g7f6 h3h7,1394,77,98,1918,kingsideAttack mate mateIn2 middlegame short,https://lichess.org/gjAY1fPR/black#32,Blackmar-Diemer_Gambit_Accepted Blackmar-Diemer_Gambit_Accepted_Euwe_Defense
oNSfg,8/4qp1k/4p1p1/3pB2p/6P1/4QP1P/2r5/5R1K w - - 3 40,e3d4 e7h4 h1g1 h4h3 d4f2 c2f2,1677,74,97,6473,advantage endgame long,https://lichess.org/Kx0vGKnZ#79,
oROUK,r3k2r/pp3p1p/3pp1pB/2pPb3/2P1P1bq/2NB1P1P/PP4PK/R2Q1R2 w kq - 3 15,h2h1 g4h3 f1f2 h4f2,2021,78,90,1471,crushing master middlegame short,https://lichess.org/l2sIzHcf#29,Modern_Defense Modern_Defense_Other_variations
oXBbt,3b4/pp2kr1p/3p4/2p1P3/2P5/3P2P1/PP4KP/4R3 b - - 0 33,e7d7 e5e6 d7e8 e6f7,946,78,94,2505,advancedPawn attackingF2F7 crushing discoveredCheck doubleCheck endgame fork short,https://lichess.org/xlMKA8Xk/black#66,
okAFN,r4r1k/1bq2p1n/p2pp2Q/1p6/3R4/2N5/PPP4P/2K3R1 b - - 0 22,f8g8 h6h7 h8h7 d4h4,1638,75,95,1263,attraction kingsideAttack mate mateIn2 middlegame sacrifice short,https://lichess.org/EKX7quqE/black#44,
okvTJ,6k1/3q1ppp/p4nn1/1p2pN2/1Pp1P3/P1P1P1NP/3Q1KP1/8 w - - 3 30,d2d6 f6e4 g3e4 d7f5,1392,80,96,25857,crushing deflection endgame short,https://lichess.org/vZTBeVbp#59,
ooFm4,4r1kr/2p3p1/p3b2q/1p2Np2/3b1P2/7R/PP2Q1PP/R1B3K1 w - - 0 24,g1h1 h6h3 g2h3 e6d5,1542,77,91,762,crushing kingsideAttack master middlegame sacrifice short,https://lichess.org/eBJCcYT7#47,
opBOC,8/6pk/p2pBn2/P2P4/7p/8/6P1/7K b - - 0 62,f6e4 e6f5 h7g8 f5e4,760,85,97,640,crushing endgame fork master short,https://lichess.org/179PxIYI/black#124,
oqJL0,1Q6/5q1k/6pp/4p3/4P3/2B4P/r5P1/2R3K1 w - - 1 38,b8e5 f7f2 g1h2 f2g2,946,76,99,1304,endgame mate mateIn2 short,https://lichess.org/22qLjaRy#75,
oqf2z,8/8/5N1n/4pP2/3kP1p1/6K1/8/8 b - - 11 46,d4e3 f6g4 e3e4 g4h6,1150,77,96,1432,crushing endgame knightEndgame short,https://lichess.org/oOGAdzkK/black#92,
owKJh,4nrk1/Q5p1/7p/1pp5/8/3R4/2q2PPP/5RK1 w - - 0 28,f1d1 c2f2 g1h1 f2f1 d1f1 f8f1,995,75,98,4327,backRankMate endgame long mate mateIn3 sacrifice,https://lichess.org/BZnmhiC5#55,
ozV6m,6k1/r6p/r5pP/4Qp2/8/6P1/5PK1/8 b - - 11 34,a6a5 e5e8,1445,77,90,2289,endgame mate mateIn1 oneMove queenRookEndgame,https://lichess.org/zQEbj2sv/black#68,
p0up1,2kr2r1/pp1qnpPp/4b3/1N5Q/2p5/2Pp4/PP3PPP/R3R1K1 b - - 1 17,c8b8 h5e5 b8a8 b5c7 d7c7 e5c7,1183,76,95,1194,advantage long middlegame queensideAttack,https://lichess.org/SjJnZ0ch/black#34,Italian_Game Italian_Game_Two_Knights_Defense
p2VQG,r2qkbnr/p1p2ppp/2n1p3/3b4/8/3B1N2/PPPP1PPP/RNBQ1RK1 w kq - 0 7,c2c4 d5f3 d1f3 c6e5 f3e4 e5d3 e4c6 e8e7,1789,80,92,3855,advantage opening veryLong,https://lichess.org/qeoEvU3r#13,Kings_Pawn Kings_Pawn_Other_variations
p39ZV,R5rk/4RQp1/5p1p/8/p6q/8/5PP1/6K1 b - - 0 30,g8a8 f7g7,1145,81,95,6097,endgame master masterVsMaster mate mateIn1 oneMove,https://lichess.org/GftoRJr6/black#60,
p65sz,1rbq2rk/8/p2p1p2/1ppPp2P/5bPB/P1PP1Q2/1P3PR1/R3K3 b Q - 4 29,d8d7 h4f6 g8g7 h5h6,1883,77,91,2353,advantage kingsideAttack middlegame pin short,https://lichess.org/ousqIWTh/black#58,
p6Pud,8/2R2nk1/1p2q3/p5p1/8/4PP2/Pr2B2Q/5K2 w - - 2 38,f1f2 b2e2 f2e2 e6a2 e2d3 a2h2,1497,77,95,24842,attraction crushing endgame long skewer,https://lichess.org/t7XTMzm8#75,
p7sxl,1k4rr/ppp5/5pq1/3Q3p/5P2/2Pnn2P/PP4P1/R4NRK w - - 0 25,f1e3 d3f2 h1h2 g6g3,994,80,91,1272,kingsideAttack mate mateIn2 middlegame short,https://lichess.org/o6uB87ue#49,
pAdRb,rr4k1/pb1R1p1p/2p2p2/1p3N2/8/1P5P/R1P2PPK/8 b - - 1 24,b7c8 d7d8,1402,78,90,600,endgame mate mateIn1 oneMove,https://lichess.org/b9PwZw3N/black#48,
pAoy3,r4rk1/p2qnpbp/1p2b1p1/1R1p4/N2n4/4B1PP/PP2NPBK/3Q1R2 w - - 0 18,e3d4 d7b5 d4g7 g8g7,1300,77,92,6360,advantage hangingPiece middlegame short,https://lichess.org/P2JNsEsS#35,English_Opening English_Opening_Symmetrical_Variation
pDWVC,R4bnr/1p1qk3/1Ppp1p1p/6pQ/3nPp1P/2N5/1PPB2P1/6K1 b - - 0 17,d7e6 h5e8,994,77,91,607,mate mateIn1 middlegame oneMove,https://lichess.org/jw6PvDWN/black#34,Kings_Gambit_Accepted Kings_Gambit_Accepted_Kings_Knights_Gambit
phs5O,6k1/1p3pp1/p6p/3p4/Pb2Nn2/2r2q2/7R/RB1Q3K w - - 0 28,d1f3 c3c1 f3f1 c1f1,1198,76,95,2219,mate mateIn2 middlegame short,https://lichess.org/ppUV41wK#55,
pnsBS,r1b1k2r/1pq2ppp/p1n5/3N3n/3N4/P3BP1P/1PP1B1Pb/R2Q1RK1 w kq - 1 14,g1f2 c7g3,959,78,100,632,mate mateIn1 middlegame oneMove,https://lichess.org/3ivkcxOR#27,Sicilian_Defense Sicilian_Defense_Taimanov_Variation
prL8k,r1b2rk1/pp2ppbp/3p1np1/q7/2PB4/1P4P1/P3PPBP/RN1Q1RK1 w - - 1 11,b1c3 e7e5 d4e3 a5c3,1611,77,94,18382,advantage master middlegame short,https://lichess.org/tD7SYbgl#21,Kings_Indian_Attack Kings_Indian_Attack_Symmetrical_Defense
pvfBs,r3r2k/1R5p/pp4p1/5p2/P1R5/1BbP3P/2P4P/6K1 b - - 2 24,c3f6 c4c7 e8e7 c7e7 f6e7 b7e7,1305,80,91,2397,crushing endgame long master,https://lichess.org/n2AEmn26/black#48,
px20E,r1bk1r2/ppp1b3/6Q1/4p3/7p/2P1PNP1/PP2KPq1/3R3R b - - 2 21,c8d7 d1d7 d8c8 g6g4 g2f3 g4f3,2189,78,91,1407,crushing long middlegame,https://lichess.org/8i7AMF9x/black#42,
pyKyq,Nnbk2r1/pp3p1p/3p4/2b1p3/4P2p/2N2K2/P1P3PP/1R3B1R w - - 4 18,h2h3 g8g3 f3e2 g3c3,1351,83,94,19733,advantage middlegame short skewer,https://lichess.org/zUFu6Bc4#35,Trompowsky_Attack Trompowsky_Attack_Edge_Variation
pzeKM,8/8/R6P/1p2p1P1/2k5/2P3K1/p6r/8 b - - 3 38,h2h1 a6a2 h1h5 g3g4,1651,79,93,4785,crushing endgame master rookEndgame short,https://lichess.org/L176kX0U/black#76,
q4uGl,8/8/8/8/2p5/2Pk4/P4K2/8 w - - 4 50,f2e1 d3c3 e1e2 c3b2 a2a4 c4c3 a4a5 c3c2,1273,84,91,607,advancedPawn crushing endgame pawnEndgame veryLong,https://lichess.org/SvHouhH9#99,
qARjD,r1bqr1k1/5p2/2p2n1B/1pPn2N1/pP6/P2B4/2Q2PPP/b4RK1 b - - 1 22,a1c3 d3h7 f6h7 c2h7,928,81,98,952,kingsideAttack mate mateIn2 middlegame short,https://lichess.org/JoW9Pwu3/black#44,
qCVBL,3r2k1/7R/2p3p1/5nN1/6n1/2P3P1/1P3P1P/6K1 b - - 0 32,f5g7 h7g7 g8g7 g5e6 g7f6 e6d8,1313,76,94,1133,attraction crushing endgame exposedKing fork long sacrifice,https://lichess.org/MOXMPNqd/black#64,
qHKP7,1r6/8/8/2Bpnpkp/1P1R4/2K3P1/8/8 b - - 2 39,b8d8 c5e7 g5g6 e7d8,924,77,100,627,crushing endgame fork short,https://lichess.org/NiUTNOGY/black#78,
qR0Th,6k1/p3qpp1/1p2pn1p/8/8/3B1P2/PPP2P1Q/6K1 b - - 0 25,f6d5 h2b8 e7f8 d3h7 g8h7 b8f8,1168,86,95,4005,crushing deflection endgame long,https://lichess.org/rgrJqsgp/black#50,
qUfeC,8/pp3P1k/3P3p/8/8/2P4P/PP1p2P1/6K1 w - - 0 30,g1h2 h7g7 f7f8q g7f8,1545,74,96,6238,crushing endgame master pawnEndgame short,https://lichess.org/NlM6BYfo#59,
qVNMA,8/4b3/8/p3N3/P7/1P3pk1/8/5K2 b - - 3 59,g3f4 e5g6 f4e3 g6e7,825,82,97,1246,crushing endgame fork short,https://lichess.org/Wm85rwuA/black#118,
qfs6t,rn1q1rk1/ppp2pp1/4p2p/3pPb2/4nB2/3BP2P/PPPN1PP1/R2QK2R w KQ - 1 10,f2f3 d8h4 g2g3 e4g3,1261,77,90,2049,crushing opening short,https://lichess.org/AIzxAftX#19,Queens_Pawn_Game Queens_Pawn_Game_Accelerated_London_System
qhKO9,4r1k1/p6p/6p1/8/6Q1/2q1B3/P4PPP/R5K1 w - - 4 30,a1c1 c3c1 e3c1 e8e1,953,79,98,2349,backRankMate endgame mate mateIn2 sacrifice short,https://lichess.org/02CPFp2m#59,
qkq5E,5rk1/2R2pp1/p1N1pn1p/1p1pN3/4bB2/1P6/Pb3PPP/6K1 b - - 5 25,e4h7 c6e7 g8h8 c7c8 g7g5 c8f8,2330,86,93,815,advantage kingsideAttack long middlegame,https://lichess.org/OR2iQM3r/black#50,
qm2Cn,r4rk1/1b1qppb1/p2p2p1/1p2P2p/3PNP2/2n1B2P/P1PN2P1/R3QR1K w - - 0 21,e4c3 d7h3 h1g1 h3g2,1302,78,92,8686,kingsideAttack mate mateIn2 middlegame pin short,https://lichess.org/LnKSZPRt#41,
qz9SV,6k1/6p1/8/4p3/6P1/5PQK/3q4/8 b - - 1 48,d2f4 g3f4 e5f4 h3h4 g7g6 h4g5 g8f7 g5f4,1474,82,94,1000,crushing endgame master queenEndgame veryLong,https://lichess.org/6e3fwcDu/black#96,
rJHoM,r3nbk1/p6r/P2p1n2/1NpPp3/2P1P3/5Np1/3BQK2/RR5q w - - 0 30,f2g3 h7h3 g3f2 f6g4,1885,75,100,821,master mate mateIn2 middlegame short,https://lichess.org/fDxa2qVF#59,
rMFLf,r1b1k2r/1p1p1ppp/pqn1pn2/2b5/3NP3/3BBQ2/PPP1NPPP/R3K2R w KQkq - 10 10,c2c3 c6e5 f3g3 e5d3,2042,71,94,12133,crushing fork middlegame short,https://lichess.org/D41v2v6l#19,Sicilian_Defense Sicilian_Defense_Kan_Variation
rUnWg,1rn3k1/R5pp/4pp2/2p1N3/4P3/2PP2P1/5P1P/6K1 w - - 1 26,e5d7 b8b1 g1g2 c8a7,984,77,100,677,endgame,https://lichess.org/4iz5M6HV#51,
rVDyc,2Q3k1/p1p2p1p/1p4p1/3q2PP/3b1P2/4r1N1/6RK/8 b - - 8 30,g8g7 h5h6,1066,75,96,2972,endgame mate mateIn1 oneMove,https://lichess.org/Fhex5S7S/black#60,
rZFsH,8/6pp/4P3/5R2/R5P1/4k2K/3r2r1/8 w - - 2 42,e6e7 g2h2 h3g3 d2g2,951,79,94,701,blindSwineMate endgame mate mateIn2 rookEndgame short,https://lichess.org/NEZ2UnuM#83,
rdGmn,3r2kr/p4pb1/3P3p/6q1/4R3/3QR3/PP3PP1/1K6 b - - 0 31,g5f6 e4e8 d8e8 e3e8 g7f8 d6d7,1650,77,92,3204,advancedPawn crushing long middlegame,https://lichess.org/KdIdMYMi/black#62,
rfIwm,6k1/2p2p1p/3p2p1/1P6/2P1P3/7P/6P1/6K1 b - - 0 35,g8g7 e4e5 d6e5 c4c5,1463,77,93,734,crushing defensiveMove endgame pawnEndgame short,https://lichess.org/nqoOo9HN/black#70,
rmmbW,r3r1k1/pp4p1/2pq1pp1/3pN3/3PnQ2/2P2R2/PP4PP/5RK1 b - - 1 20,f6e5 f4f7 g8h8 f3h3,1166,80,92,1166,mate mateIn2 middlegame short,https://lichess.org/YdAM4mgD/black#40,
rtVHo,3rr2k/p1R1q1pp/2Q5/8/5pn1/2P2N2/P1P3PP/4R1K1 w - - 0 20,e1e7 d8d1 f3e1 d1e1 e7e1 e8e1,988,81,96,625,long mate mateIn3 middlegame xRayAttack,https://lichess.org/hUs9BRAo#39,
ryVOA,r2k3q/pR6/4bp2/7B/2P3p1/5nN1/P3R3/4BK2 b - - 0 33,e6c4 e1a5 d8c8 b7c7 c8b8 c7c4,1202,76,94,7323,crushing exposedKing fork long middlegame,https://lichess.org/9zaypyOa/black#66,
s0UHh,1Q6/pp3ppk/7p/8/2q5/4P3/P4P1P/7K w - - 2 26,b8a7 c4f1,1061,78,97,1002,endgame master mate mateIn1 oneMove queenEndgame,https://lichess.org/7s6oGB7s#51,
s2BtA,2kr3r/ppp1pp1n/3p2p1/4n1Pp/4P3/2PPB2q/PP1NBQ2/R4RK1 w - - 4 17,d2f3 e5g4 f2h4 h3h4 f3h4 g4e3 f1f3 e3g4,1776,77,92,1614,advantage defensiveMove middlegame veryLong,https://lichess.org/AoqBCzry#33,Rat_Defense Rat_Defense_Harmonist
s7H6j,1k2r3/R1pr2p1/2p5/2B2p2/2P1Pb1p/2KP3P/P1P5/4R3 b - - 0 34,f5e4 e1b1 b8c8 a7a8,1173,77,95,7413,endgame mate mateIn2 short,https://lichess.org/1kV9AMFu/black#68,
s7wiG,r4rk1/1pp2pp1/p1n3b1/3N3n/3P4/5P2/PPP4R/1K4NR b - - 0 22,c6d4 d5e7 g8h7 h2h5 g6h5 h1h5,1334,79,94,3726,anastasiaMate kingsideAttack long mate mateIn3 middlegame,https://lichess.org/ShuWsl9D/black#44,
s92jy,6k1/1RP5/4N1p1/3p4/3P2P1/2r1n3/6PK/8 w - - 1 41,e6c5 e3g4 h2g1 c3c1,922,81,98,1267,endgame mate mateIn2 short,https://lichess.org/D3fsUZoA#81,
sBgJ3,r1b2r1k/ppq3bp/2p3p1/8/2B1Q3/6P1/PPPN2P1/2KR3R b - - 0 18,c7g3 h1h7 h8h7 d1h1 c8h3 h1h3 g3h3 g2h3,1459,75,91,866,attraction crushing fork middlegame sacrifice veryLong,https://lichess.org/uoGSimO4/black#36,London_System London_System_Other_variations
sCOrs,q3kbnr/3npppp/b7/1p6/p7/P1N5/1PPP1PPP/R1BQK1NR w KQk - 0 10,d1f3 a6b7 f3g3 b7g2,1501,76,95,4658,advantage opening short,https://lichess.org/qf5lB7OY#19,Caro-Kann_Defense Caro-Kann_Defense_Hillbilly_Attack
sCiLE,5r1k/3q2pp/p7/1p6/1P1b4/P3Q1P1/5P1P/2R1R1K1 w - - 1 28,c1d1 d4e3 d1d7 e3f2 g1h1 f2e1,987,84,91,747,advantage endgame fork long,https://lichess.org/k2atinRH#55,
sMEZ5,r4nk1/3nr1q1/4p1p1/3p2N1/1p1N3Q/p4P2/1PP3PR/1K5R w - - 0 34,d4e6 g7b2,988,83,95,597,mate mateIn1 middlegame oneMove queensideAttack,https://lichess.org/BKqoE49V#67,
sNzuM,rn2kb1r/2pb1ppp/p2qp3/1pn1N3/2BP4/2B1P3/PP3PPP/R2QK2R w KQkq - 0 13,d4c5 d6d1 a1d1 b5c4,1557,77,94,7918,advantage opening short,https://lichess.org/bQbkQ6PB#25,Queens_Gambit_Declined Queens_Gambit_Declined_Marshall_Defense
sVtTt,8/8/8/4r2p/1k3K1B/5P2/8/8 b - - 3 52,e5c5 h4e7 b4c4 e7c5 c4c5 f4g5 c5d5 g5h5,1251,78,94,1348,crushing endgame pin veryLong,https://lichess.org/5oUMMfwL/black#104,
sW4qU,8/2K5/8/ppk5/P7/1P6/8/8 w - - 0 53,c7b7 b5a4 b3a4 c5b4 b7b6 b4a4,1485,75,100,563,crushing endgame long pawnEndgame,https://lichess.org/zea7cWWW#105,
sXUaU,2br1r2/1p3p1k/p4Pp1/4pN2/2P2n2/3B1R1R/PP5P/6K1 b - - 1 28,h7g8 f5e7,1614,81,91,2516,mate mateIn1 middlegame oneMove,https://lichess.org/r7caTc0Q/black#56,
scgJX,3qk3/p2rnp2/5P2/1Q6/P7/7p/5PrP/4RK2 b - - 1 36,d8a8 e1e7 e8f8 b5d7 g2f2 f1f2,1354,87,93,1379,crushing deflection endgame long,https://lichess.org/6QSHrFVL/black#72,
slqzf,5b2/5k2/p3q1pp/3QN2n/p4P2/1P4PP/P7/6K1 b - - 2 33,f7e7 e5c6 e6c6 d5c6,2017,81,91,3111,advantage endgame short,https://lichess.org/CvZ8vqrk/black#66,
sowoZ,r2r2k1/1p3bp1/5p1p/3p4/8/P2Q3P/1PB2qPB/1R5K b - - 1 30,f6f5 b1f1 f2b6 d3f5 b6g6 f5g6 f7g6 c2g6,1798,76,95,5355,advantage middlegame veryLong,https://lichess.org/6J3b8AMi/black#60,
spro9,6k1/5p1p/4p1p1/1b1p2PP/1r3P2/1pR5/1K6/8 b - - 0 36,b4f4 c3c8 b5e8 c8e8 g8g7 h5h6,1061,87,94,1406,endgame long mate mateIn3,https://lichess.org/cHhiAhPZ/black#72,
suVFW,r1b1r1k1/ppq2pbp/4p1p1/n7/3P4/B1PB1N2/P1Q2PPP/R3R1K1 b - - 7 15,a5c4 c2a4 c4a3 a4e8,1877,74,93,7301,advantage master middlegame short,https://lichess.org/GX2gpHiQ/black#30,Caro-Kann_Defense Caro-Kann_Defense_Other_variations
swIpo,8/5pkp/8/3Qb1q1/4P3/6NK/5P2/8 b - - 5 46,h7h6 g3f5 g7g6 d5e5,1317,77,94,5540,crushing endgame interference short,https://lichess.org/W6KxXLK2/black#92,
tC3xh,4k1r1/5p2/1pP1p3/p1bp1q2/P6Q/2P3P1/5P1P/1R2R1K1 w - - 6 34,c6c7 f5f2 g1h1 f2f3,1447,79,93,3269,endgame mate mateIn2 short,https://lichess.org/mvRCLIsX#67,
tCLtG,r1b1r1k1/6pp/pq1pp3/np1pp2Q/3P3B/1BP1P3/PP3PPP/R4RK1 b - - 0 16,a5b3 h5e8,747,84,100,726,hangingPiece kingsideAttack mate mateIn1 middlegame oneMove,https://lichess.org/kyRRaJ6h/black#32,Rapport-Jobava_System Rapport-Jobava_System_Other_variations
tDvof,2r2rk1/p4qp1/bp5Q/2npPp2/5P2/2P2N2/PP3B1P/2KR2R1 w - - 0 25,f3g5 g7h6 g5f7 g8f7,1428,77,92,6879,advantage middlegame short,https://lichess.org/ylicISql#49,
tEttG,4r1k1/8/6p1/1p1bPp2/1R1B2p1/6P1/5P1P/5K2 w - - 0 33,b4b5 d5c4 f1e1 c4b5,904,76,100,897,advantage endgame fork short,https://lichess.org/2RjxKa1E#65,
tGbcS,2r5/1br3Nk/p2qp1np/1p1p1p2/1P1P2N1/2P4P/3Q1PP1/2R1R1K1 b - - 0 26,h7g7 d2h6 g7f7 h6h7 f7f8 h7g6,1533,76,95,7808,crushing deflection long middlegame,https://lichess.org/5vJxHYTF/black#52,
tJuOu,r2qk2r/1pp1bppp/p3P3/3p1b2/1n1P4/N4N2/PP1B1PPP/R2Q1RK1 b kq - 0 13,f5e6 d2b4 e7b4 d1a4 d8d7 a4b4,1716,75,96,3086,advantage fork long opening,https://lichess.org/zUUGTwXX/black#26,Queens_Pawn_Game Queens_Pawn_Game_Other_variations
tPIQY,1k1r4/1p3p2/p2p1q2/1b4p1/PPNP3p/2Q4P/5PP1/4RK2 b - - 0 29,d8c8 a4b5 a6b5 c4b6 c8c3 b6d7 b8c7 d7f6,1758,75,94,7237,advantage endgame fork sacrifice veryLong,https://lichess.org/ulxXTogK/black#58,
tTBeO,7r/p1p3k1/5p2/3Q4/8/1P1P2Pq/P1P2P2/2R3K1 w - - 2 43,d5f3 h3h2 g1f1 h2h1 f3h1 h8h1 f1e2 h1c1,1304,75,100,607,advantage endgame skewer veryLong,https://lichess.org/ocaz0zqn#85,
tXZOR,rB6/P7/2bP2p1/3k1pP1/5K1P/8/8/8 b - - 4 47,d5d4 h4h5 g6h5 g5g6 h5h4 g6g7,1405,75,93,1763,advancedPawn crushing endgame long,https://lichess.org/dtVYe1IL/black#94,
tadB5,r1b2r1k/ppp3bp/3p4/3Q4/2P2Ppq/2N5/PP2B1P1/R1B2RK1 w - - 2 18,d5g5 g7d4 c1e3 d4e3,1042,76,97,1294,crushing kingsideAttack opening short,https://lichess.org/rUqnFL7u#35,Kings_Indian_Defense Kings_Indian_Defense_Orthodox_Variation
tpRmO,8/1r4kp/3p1n2/2pP4/2Pqp3/p3N3/P3Q1PP/5R1K b - - 4 36,b7b2 e3f5 g7g8 f5d4 b2e2 d4e2,1371,75,97,2919,crushing endgame fork long master,https://lichess.org/YXeyhiXn/black#72,
ts3u5,6k1/4Q2p/3p1np1/8/1PP1K3/3PP1P1/7P/5q2 w - - 3 28,e4d4 f1a1,988,76,100,558,endgame master mate mateIn1 oneMove,https://lichess.org/9VIei3UN#55,
tsjd5,2kn1Q2/ppp1n3/4PB2/2R5/8/1P1P2p1/P4qB1/6K1 w - - 7 33,g1h1 f2e1 g2f1 e1f1,1089,78,90,612,mate mateIn2 middlegame short,https://lichess.org/V8HeDgzf#65,
tu4ZI,4rrk1/5p2/6RP/pp2p1Q1/7R/q1Pp4/2P2P2/6K1 b - - 0 33,f7g6 g5g6 g8h8 g6g7,928,83,94,1148,endgame mate mateIn2 short,https://lichess.org/DBLeCs9s/black#66,
tw63j,8/1r6/k1Q5/1p1p4/p2Pp1P1/2P1K3/5Pr1/8 b - - 0 47,b7b6 c6a8,941,78,96,636,endgame mate mateIn1 oneMove queenRookEndgame,https://lichess.org/wvqrChTL/black#94,
ty1cT,3r2k1/5ppp/5n2/p3p3/1pBnP3/1P2BP1P/PP4PK/5R2 w - - 5 24,f1d1 d4f3 g2f3 d8d1,910,88,93,992,advantage discoveredAttack endgame short,https://lichess.org/T1S7rD1T#47,
u1f6j,7k/3R4/3p3K/2bPp3/2P1P3/6P1/5r2/8 b - - 0 42,f2f3 d7d8 f3f8 d8f8,993,89,92,853,endgame mate mateIn2 short,https://lichess.org/eFAoas7s/black#84,
u2YbW,6k1/1p6/1Pp3bB/2Pp4/3P2Pp/5BbP/r2R1p2/5K2 b - - 12 46,a2d2 h6d2 g6d3 f3e2,1452,76,100,1328,advantage endgame short,https://lichess.org/dNieM7mZ/black#92,
u6oTj,3R1rk1/pp4p1/7p/6r1/P3Qp2/6Pq/5P2/3R2K1 b - - 3 30,g5f5 e4e6 g8h7 d8f8 f5f8 e6h3,1520,76,98,2559,crushing deflection endgame long,https://lichess.org/t5IEGk87/black#60,
uA2nh,3R4/7p/pp1n4/3kNp2/PP2pP1P/2r5/4K3/8 b - - 0 39,c3a3 d8d6 d5d6 e5c4 d6d5 c4a3,1339,77,94,1509,attraction crushing endgame fork long sacrifice,https://lichess.org/2VQdcg8T/black#78,
uCly9,r1b5/1p6/pq2pknQ/3p1p2/1P1P2pP/2P5/P3B1P1/4R1K1 b - h3 0 27,b6d8 h6g5 f6f7 g5d8,1180,75,97,8037,crushing middlegame short skewer,https://lichess.org/pPQjXiJ2/black#54,
uLYud,r6k/bpp3pp/2b5/p3p3/P7/1QPq4/1P3PPP/R1B1R1K1 w - - 0 17,c1e3 d3e4 f2f3 a7e3,1810,75,91,3226,crushing kingsideAttack master middlegame short,https://lichess.org/AV5POn3v#33,Italian_Game Italian_Game_Classical_Variation
uLZ7F,r2q1rk1/p3bppp/8/3np3/8/1PN1Q2P/P4PP1/R1B2RK1 w - - 0 17,e3e5 d5c3 e5c3 e7f6 c3f3 f6a1,1782,76,91,2196,advantage long middlegame skewer,https://lichess.org/iJA9ayqV#33,Sicilian_Defense Sicilian_Defense_Modern_Variations
uSQsH,r3r3/1k1n1p2/pb4p1/3N3p/pR1P4/4P3/1P4PP/2R3K1 b - - 3 29,e8e6 c1c7 b7b8 c7d7,1484,76,94,2154,advantage middlegame pin short,https://lichess.org/dY4kSl0I/black#58,
uVBzD,8/3k4/r2P1p2/1P2p2p/8/8/5P1P/3R2K1 b - - 0 44,a6d6 d1d6 d7d6 g1g2,1937,75,93,3877,crushing defensiveMove endgame rookEndgame short,https://lichess.org/S07VdoUF/black#88,
uXNnJ,rn1q1rk1/pbpp1pp1/1p2p3/b3P1NQ/3P4/2P5/P1PB1PPP/R4RK1 b - - 3 12,f7f6 h5h7,797,78,100,556,mate mateIn1 middlegame oneMove,https://lichess.org/KR9mnzXt/black#24,French_Defense French_Defense_Normal_Variation
uZcbo,r3k2r/pp3pp1/6qp/2bNp3/2B1P2P/1Q3P1b/PP3P2/R4RK1 w kq - 3 16,g1h1 g6g2,838,78,100,508,mate mateIn1 middlegame oneMove,https://lichess.org/bNPwLwu9#31,Queens_Pawn_Game Queens_Pawn_Game_Other_variations
uaH9N,5r2/3k4/1np3p1/2N5/pp2p3/7P/1PP4P/1K2R3 b - - 3 32,d7c7 c5e6 c7d6 e6f8,806,79,100,988,advantage endgame fork master short,https://lichess.org/QiXrVvi9/black#64,
urnDj,B4r2/2kb4/pp1R4/7p/6p1/1P6/P4p1P/RNB2K2 w - - 1 31,d6d2 d7b5 d2e2 b5e2 f1e2 f2f1q,1179,75,100,569,advancedPawn attraction crushing exposedKing long middlegame promotion,https://lichess.org/C0O7Gn9o#61,
uyL9f,2r3k1/pp3pb1/4p1p1/1P1pP3/5Pp1/P3P3/3BK2Q/1q5R b - - 8 29,b1e4 h2h7 g8f8 d2b4 e4b4 a3b4,1236,78,94,3487,crushing endgame long master,https://lichess.org/MiIoJPZc/black#58,
v8MY9,8/5k2/5p2/2pPp3/2P1Pn1P/5q2/2Q4R/5K2 w - - 7 48,h2f2 f3h1,1061,88,94,1137,endgame master mate mateIn1 oneMove,https://lichess.org/685MJ6q3#95,
v91xg,r2R2k1/p4pp1/6n1/4r1Bp/7P/6Q1/qP4P1/3R2K1 b - - 1 23,a8d8 d1d8 g8h7 g3f3 a2b1 g1h2,1946,74,92,2629,advantage defensiveMove long master masterVsMaster middlegame,https://lichess.org/K7GQgOEu/black#46,
v9kUA,8/pp4k1/2p2p1p/6pP/4q1n1/2Q3P1/PP3PR1/6K1 w - - 0 32,f2f3 e4b1 c3e1 b1e1,1169,77,95,2771,endgame mate mateIn2 short,https://lichess.org/eji40hLK#63,
vCO5B,7r/8/1b6/p4p2/PkP5/1P2p3/2K4p/4N2R b - - 1 46,f5f4 e1d3 b4a3 h1a1,1617,79,93,2378,endgame mate mateIn2 short,https://lichess.org/V7w8waWd/black#92,
vH345,2r5/3r1kp1/1p3p2/3P4/1Bn2PP1/3R1N1p/P4KbP/3R4 w - - 3 44,d1c1 c4b2 c1c8 b2d3,2166,78,93,9437,advantage middlegame short,https://lichess.org/kSzsBCSO#87,
vJ9tm,rr4k1/5pp1/1B2pb1p/P1Q5/1P2P3/3q1P2/R5PP/1R4K1 w - - 3 25,a2c2 b8b6 a5b6 f6d4 c5d4 d3d4,2046,76,96,4224,advantage fork long middlegame sacrifice,https://lichess.org/AbSaqCNr#49,
vRjc5,2R5/p5pk/3r3p/8/r2p3P/3P4/5PP1/4R1K1 b - - 1 32,a4a2 h4h5 d6d5 g2g4,1936,77,92,1709,advantage defensiveMove endgame quietMove rookEndgame short,https://lichess.org/d4pFywh9/black#64,
vSRw6,8/4N3/4P1p1/7p/2p4P/4k1PK/1r6/8 b - - 0 48,b2b6 e7d5 e3d4 d5b6 c4c3 e6e7 c3c2 e7e8q,1159,79,94,789,advancedPawn crushing endgame fork promotion veryLong,https://lichess.org/ZauyPGjY/black#96,
vUbfm,r3k3/p1pp3p/1pn1pq2/8/4n3/5NB1/PPP2PrP/R2Q1K1R b q - 3 14,e4g3 h2g3 g2g3 f2g3,1679,77,93,1155,advantage middlegame short trappedPiece,https://lichess.org/p5CcHzoB/black#28,English_Defense English_Defense_Other_variations
vVoae,r1b2rk1/pp3pp1/3b3p/2ppn3/6P1/3PPNq1/PPP1P1B1/RNBQ1RK1 w - - 2 15,d1e1 e5f3 e2f3 g3h2,1093,75,100,1036,crushing kingsideAttack opening short,https://lichess.org/er2VBJHf#29,Zukertort_Opening Zukertort_Opening_Sicilian_Invitation
vW1nY,2k4r/ppp2ppp/7r/4n2q/3P1Bn1/2P2N2/PP2B1P1/R2Q1RK1 w - - 3 16,f4h6 e5f3 f1f3 h5h2 g1f1 h2h1,1388,75,99,2398,fork long mate mateIn3 middlegame,https://lichess.org/1zagIs3N#31,Kings_Gambit_Declined Kings_Gambit_Declined_Falkbeer_Countergambit_Accepted
vWoPp,1q5k/p1p1Q2p/6p1/3Pb3/3r4/7P/Pr4P1/R4RK1 b - - 0 24,c7c5 f1f8 b8f8 e7f8,961,76,100,646,fork mate mateIn2 middlegame short,https://lichess.org/Gc9E4GNp/black#48,
vZrUg,5rr1/1pq1kp1Q/p1p5/3pb3/3N4/2PKP2B/PP4P1/5R2 b - - 7 29,g8g7 d4f5 e7d8 f5g7,1498,75,96,7051,advantage fork middlegame short,https://lichess.org/JIsDH12I/black#58,
vb5dh,2kr3r/8/p1n4p/1pbp1pp1/P2N4/1BP2QPq/1P6/RN2R1K1 w - - 0 22,a4b5 c6d4 c3d4 c5d4,1553,78,98,6562,crushing middlegame short,https://lichess.org/CPOD78xC#43,
vbfc6,r3kr2/pp1q4/3p2Np/1PnQb3/2P2p2/6P1/4PP2/3R1RK1 b q - 3 26,f8f5 d5g8 f5f8 g8f8,879,79,100,613,mate mateIn2 middlegame short,https://lichess.org/JTZ99Ak9/black#52,
vcqvg,2rq3k/pQ4pp/3p1r2/2p2p2/1pP5/4P3/P2R1PPP/2KR4 b - - 2 25,c8c7 d2d6 f6d6 d1d6,953,78,91,1597,crushing endgame short,https://lichess.org/cKyXkbWp/black#50,
vfFH4,5rk1/1p3rpp/p1p5/1q1pRn2/3P1P2/1PP2Q1P/P3N1P1/5R1K w - - 0 28,e2g3 f5g3 f3g3 b5f1,999,77,100,684,crushing kingsideAttack middlegame short,https://lichess.org/Kku3MGGN#55,
vkMvT,r3k2r/ppq3pp/n1p1p2n/8/3RP3/5QP1/PP4BP/5RK1 b kq - 0 22,c7b6 f3h5 g7g6 h5e5 b6d4 e5d4,2033,74,97,1034,advantage long middlegame,https://lichess.org/LjCBmyUT/black#44,
vm1BZ,2rqr1k1/1b1nbN1p/p3p1pB/1p1p4/3P4/2PB3Q/PP3PPP/R3R1K1 b - - 0 17,g8f7 h3e6,1595,75,95,3576,mate mateIn1 middlegame oneMove,https://lichess.org/av5NROkR/black#34,Queens_Pawn_Game Queens_Pawn_Game_Accelerated_London_System
vqdC1,Rb5r/1P1b2k1/1Qp5/3pq3/4p1pr/4P1P1/4BP1P/3R2K1 w - - 0 38,g3h4 e5h2 g1f1 h2h1,913,86,97,765,mate mateIn2 middlegame short,https://lichess.org/iExB6zp0#75,
vrfxc,r4rk1/pppq1ppp/2n5/6N1/3pQB2/8/bPP2PPP/2KR3R b - - 2 14,a8e8 e4h7,747,79,100,1007,kingsideAttack mate mateIn1 middlegame oneMove,https://lichess.org/FmayRVx3/black#28,Four_Knights_Game Four_Knights_Game_Italian_Variation
vu2db,5r1k/1b2qp2/p3pbB1/7N/1pPr4/1P5R/P1Q2PPP/2R3K1 b - - 0 24,f7g6 h5f6 h8g7 h3h7 g7f6 h7e7,1314,84,94,1392,crushing discoveredAttack discoveredCheck exposedKing kingsideAttack long middlegame skewer,https://lichess.org/jD3YDu6r/black#48,
w2ULn,8/5p2/1P6/k7/6K1/6B1/7P/1r6 b - - 1 63,b1b6 g3c7 a5a4 c7b6,950,79,100,547,crushing endgame master pin short,https://lichess.org/Pv1xQzDN/black#126,
w2gy7,5r2/1p5k/2p3pQ/4B3/2qP1PP1/8/PP3R2/6K1 b - - 0 35,h7h6 f2h2,967,79,97,1510,endgame master mate mateIn1 oneMove pillsburysMate,https://lichess.org/nbgQNwmi/black#70,
w4g4z,r2q1rk1/ppp2ppp/4b3/n2n4/2BPN3/1Q3N2/PP3PPP/R3R1K1 w - - 6 14,b3b5 c7c6 b5a4 b7b5,1894,76,93,2634,crushing middlegame short,https://lichess.org/9AUbP5nU#27,Italian_Game Italian_Game_Classical_Variation
w7VkK,2r2k1r/1p3Pp1/4P2p/3N4/p2P4/P1N4P/1q4P1/n4RK1 b - - 0 31,c8c7 d5c7 b2c3 e6e7 f8e7 c7d5 e7f8 d5c3,2040,79,91,1629,advancedPawn advantage attraction fork middlegame veryLong,https://lichess.org/u2d8dPpo/black#62,
wC55S,8/4k2p/3R2p1/b1P2p2/2N1p3/8/5PPP/1r3K2 w - - 4 35,f1e2 b1e1,948,81,97,667,endgame master masterVsMaster mate mateIn1 oneMove operaMate,https://lichess.org/sorHPkvc#69,
wDBW0,3r1rk1/pp2bppp/4q3/1B1pPp2/1n3P2/3Q4/PPP1N1PP/R4RK1 w - - 3 16,d3b3 e6b6 g1h1 b6b5,1531,76,96,28143,crushing fork master middlegame short,https://lichess.org/DFUlguzK#31,Caro-Kann_Defense Caro-Kann_Defense_Advance_Variation
wDGmT,6k1/4qp2/4p3/2r3p1/1p2P1Q1/3P1RPK/1P6/8 w - - 3 39,d3d4 f7f5 g4g5 e7g5,1917,77,92,2270,crushing endgame master short,https://lichess.org/mCk5cRs0#77,
wFswi,8/1p6/p7/Pk2pp1p/1P6/1K2P1PP/8/8 w - - 0 37,e3e4 f5f4 g3f4 e5f4,1619,77,96,1819,crushing endgame master pawnEndgame short,https://lichess.org/kufOMPnp#73,
wH1TZ,2r2r2/p4pk1/6Rp/2p4Q/3pB1P1/3P2P1/2P4K/2q5 b - - 4 34,f7g6 h5g6 g7h8 g6h7,999,77,96,689,endgame mate mateIn2 short,https://lichess.org/jgsAYpvP/black#68,
wHq0M,3r1r1k/pp1b1ppq/8/5NQ1/8/1P5P/PP3R1K/4R3 b - - 2 28,g7g6 g5f6 h8g8 f5e7,1312,74,96,12671,mate mateIn2 middlegame short,https://lichess.org/puPyueNg/black#56,
wLmyp,4r2k/p5p1/1pb4p/2q5/8/P1NQb1P1/1P2B2P/1K1R4 b - - 8 29,b6b5 d3g6 e8f8 e2d3,2135,80,91,1619,clearance crushing middlegame short,https://lichess.org/p0rnqDJp/black#58,
wRzJ2,3rr3/2p2kR1/5P2/p2P4/2b2P2/2N5/PPKQ4/7q b - - 2 31,f7f6 d2d4 f6f5 g7g5,1793,75,95,18354,fork mate mateIn2 middlegame short,https://lichess.org/kf4K4Yoi/black#62,
wSMKO,6k1/p4pp1/2p4p/2b5/1P6/5Q2/PB2nqPP/R3rN1K w - - 0 23,a1e1 f2g1,968,78,100,692,mate mateIn1 middlegame oneMove,https://lichess.org/JknQ8ztR#45,
wUMHu,2r3k1/p5p1/2p4p/2b5/2P2qn1/2B5/PPQ1R1KP/4R3 w - - 0 33,e2e8 c8e8 e1e8 g8f7,1907,79,99,14737,advantage middlegame short,https://lichess.org/gplkdRf3#65,
wcZg9,8/2p5/p1p1k1pp/2P1p3/1P2KpPP/P4P2/8/8 b - - 0 29,e6f6 g4g5 h6g5 h4g5 f6g5 e4e5 g5h4 e5f4,982,77,97,1106,crushing endgame pawnEndgame veryLong zugzwang,https://lichess.org/Cwe9AdHD/black#58,
wdpS5,r1b2rk1/pp3pp1/1qnbp1np/3p2NQ/3P4/2PB4/PP1N1PPP/R1B1R1K1 w - - 0 12,d3g6 f7g6 h5g6 h6g5,1598,76,93,2246,advantage opening short,https://lichess.org/KvwxCsXN#23,Zukertort_Opening Zukertort_Opening_Queens_Gambit_Invitation
wexbl,1r1r2k1/2R1pp1p/1n4p1/p7/1b6/1P2BB2/5PPP/5RK1 b - - 3 23,d8d7 e3b6 d7c7 b6c7,1322,75,93,1102,crushing master middlegame short,https://lichess.org/CcYlsq4E/black#46,
wfnXI,1R6/1br2ppk/pp1Bp2p/4P3/4n3/P4N1P/1P3PP1/6K1 b - - 8 26,e4d6 e5d6 c7d7 f3e5,1377,77,93,1264,advantage endgame short,https://lichess.org/SENO9Uww/black#52,
wgvAQ,r4rk1/1bq1ppbp/p5p1/1p1p1P2/3BP1n1/PBNQ4/1PP3PP/R4RK1 w - - 0 18,d4g7 c7h2,766,82,100,1561,kingsideAttack mate mateIn1 middlegame oneMove,https://lichess.org/ti1DGKk4#35,Sicilian_Defense Sicilian_Defense_Accelerated_Dragon
wij7z,6k1/1p3pbp/1P2p1p1/2Pp4/r1rP1P2/2B1Q2P/2q3P1/3R1RK1 w - - 13 33,d1c1 c4c3 c1c2 c3e3,1250,79,94,2914,crushing middlegame short,https://lichess.org/on3P4Wsi#65,
wlNvD,rn2kb1r/ppq2ppp/3p1n2/4p3/2BPP1b1/1Q3N2/PP3PPP/RNB1K2R w KQkq - 3 8,c4f7 c7f7 b3f7 e8f7,934,88,95,1052,advantage opening short,https://lichess.org/7dQrMldL#15,Sicilian_Defense Sicilian_Defense_Delayed_Alapin
wodt6,8/8/8/1pk3p1/4Kp1p/P4P1P/6P1/8 w - - 2 37,e4f5 c5c4 f5g5 c4b3 g5h4 b3a3 h4g4 b5b4,1245,86,91,2435,crushing defensiveMove endgame pawnEndgame veryLong,https://lichess.org/PbTqWuWO#73,
wrh32,r2q1r2/pbppn1k1/1pn3pb/4p1Np/2Q1PB1P/6P1/PPP2PB1/RN3RK1 w - - 2 15,g5e6 d7e6 f4h6 g7h6,874,76,100,1154,advantage middlegame short,https://lichess.org/FdCLKCrf#29,French_Defense French_Defense_Chigorin_Variation
wx6AL,5rk1/pp4pp/6q1/4Q1N1/7K/1P6/PB4rP/5R2 b - - 1 26,g6g5 e5g5 g2g5 f1f8,1483,76,91,2118,crushing endgame short,https://lichess.org/ycL95nZy/black#52,
wxf2f,1rkb4/7R/3p4/1NpPp3/P7/6r1/1PK3P1/4N3 b - - 2 39,g3g6 b5a7,1365,77,91,1017,endgame master mate mateIn1 oneMove,https://lichess.org/6XFtxBdQ/black#78,
xFkWY,r6k/pp1R4/2p5/8/6r1/6P1/PP4K1/5R2 b - - 1 32,a8g8 f1h1 g4h4 h1h4,989,84,93,1618,endgame mate mateIn2 rookEndgame short,https://lichess.org/nrXgPMAA/black#64,
xPha8,r1bqk2r/ppp2ppp/5p2/3Pn3/1bp1PP2/2N5/PP4PP/R2QKBNR b KQkq - 2 8,e5g6 d1a4 c8d7 a4b4,1157,77,94,1948,advantage fork opening short,https://lichess.org/Bf3cYwe1/black#16,Trompowsky_Attack Trompowsky_Attack_Other_variations
xPuL2,1kr3n1/ppq1bQ2/5p2/n3pP1P/b2pP3/PP1P4/2P3P1/RNBK1BNR w - - 1 20,a1a2 a4b3 f7b3 a5b3,1453,77,94,1290,advantage middlegame short,https://lichess.org/pfz3EROF#39,
xTSjj,4Qrk1/4N1p1/p2p2Rp/1pr1bP2/7q/2P5/PP5P/6RK b - - 14 31,g8h7 g6g7 e5g7 e8g6 h7h8 g6g7,1560,77,95,24090,clearance long mate mateIn3 middlegame sacrifice,https://lichess.org/tvVTFFgx/black#62,
xcyru,8/8/7p/4k1p1/4p1P1/1p2P3/1Pr1R1P1/4K3 b - - 7 49,e5d5 e2c2 b3c2 e1d2 c2c1q d2c1,1369,77,92,1497,crushing endgame long rookEndgame,https://lichess.org/qu7BMZFG/black#98,
xdx86,4r1k1/ppp4p/2n3pq/1B3r2/5P2/1PP2PQ1/P6P/1R3R1K w - - 0 23,f1e1 e8e1 b1e1 f5b5,1628,76,96,22627,advantage middlegame short,https://lichess.org/bSvAI6kW#45,
xknAH,5n1R/2pk4/1p1p4/p2P1pB1/P1P1pPr1/2P1P1p1/6K1/8 b - - 2 37,f8g6 h8d8,1025,83,100,588,endgame mate mateIn1 oneMove operaMate,https://lichess.org/94Wrtqjf/black#74,
xs21n,3r2k1/2q2pp1/p6p/1p1QR3/8/P6P/1PP2PP1/6K1 w - - 0 26,d5e4 d8d1 g1h2 f7f6 f2f4 f6e5,1430,75,95,3249,crushing endgame long,https://lichess.org/spFTUSEq#51,
y0HAA,2b1k2r/5ppp/p2qp3/1p6/3n2n1/P4N1P/BP2QPP1/R1B3K1 w k - 1 18,f3d4 d6h2 g1f1 h2h1,851,83,97,779,kingsideAttack mate mateIn2 middlegame short,https://lichess.org/DG4uQqgS#35,Sicilian_Defense Sicilian_Defense_Smith-Morra_Gambit
y70cG,8/p1R5/4pkpp/5p2/r4PPP/4PK2/8/8 b - - 0 38,a7a5 g4g5 h6g5 h4g5,947,82,97,583,endgame mate mateIn2 rookEndgame short,https://lichess.org/Ad2bTN5Y/black#76,
y8I4Z,4r1k1/1pp5/4bR2/p3n1p1/4N3/2P1b3/PP4PP/4R2K b - - 3 29,e3f4 f6f4 g5f4 e4f6 g8f7 f6e8,2012,75,92,633,advantage exposedKing fork long middlegame sacrifice,https://lichess.org/iGkOuoLI/black#58,
yAq0f,r4k1r/pp4pp/1q2Pb2/7Q/1n1ppP2/2N1B3/P1P3PP/R4RK1 b - - 0 17,d4e3 h5f7,841,89,92,625,mate mateIn1 middlegame oneMove,https://lichess.org/4CdkhKZI/black#34,Sicilian_Defense Sicilian_Defense_Lowenthal_Variation
yCkYE,4r1k1/pp3pp1/2p3qp/3p4/3p1Q2/1P1P2PB/P2RrPKP/2R5 w - - 0 27,h3g4 e2d2 f4d2 g6g4,1255,78,100,796,advantage master middlegame short,https://lichess.org/IyOvJ4Gi#53,
yRXMk,r5k1/p1p2ppp/1p6/3r2N1/8/8/PPP2PPP/R3K2R w KQ - 0 16,a1d1 a8e8 g5e4 e8e4 e1f1 d5d1,1326,83,90,3292,deflection endgame long mate mateIn3,https://lichess.org/9OXFZgCk#31,Center_Game Center_Game_Hall_Variation
ySm3s,r3k3/ppp2p2/2n5/3p2P1/3Pp1np/2P1P1q1/PP1NK1P1/R2Q1B1R w q - 0 19,d2f3 g3f2,839,86,100,744,mate mateIn1 middlegame oneMove,https://lichess.org/7v6KIPqX#37,
ySm6T,6nr/5ppp/8/Q7/2Pq1P2/Pk4PP/5R2/6K1 b - - 4 25,g8f6 a5b4,1198,77,99,828,endgame master mate mateIn1 oneMove,https://lichess.org/QNi85jtf/black#50,
yYuuy,4r1k1/2p2pp1/p6p/8/1P1P4/p1P1r2P/4BKP1/2R1R3 w - - 0 34,e2a6 e3e1 c1e1 e8e1 f2e1 a3a2,1130,81,91,1744,advancedPawn advantage endgame long,https://lichess.org/J3oVCBwi#67,
yZstx,6k1/pp3r2/2p3p1/3pQ1p1/3P4/2P1P3/1PBK4/5r2 w - - 8 32,c2g6 f7f2 d2d3 f1d1,973,90,95,1356,endgame epauletteMate mate mateIn2 short,https://lichess.org/rFUZsFyQ#63,
ybegM,5r2/1p6/5nkp/1P2QRp1/4P3/2Pq4/8/R3K3 w - - 3 36,a1a2 d3b1 e1e2 b1a2,1379,76,99,7389,crushing endgame fork short,https://lichess.org/j5OBq8WQ#71,
ykjIx,8/6R1/1p1b2pP/2r2p2/5P2/2k1P3/5PK1/8 b - - 2 44,b6b5 h6h7 c5c8 g7g8,1376,75,99,3300,advancedPawn crushing endgame short,https://lichess.org/OqQyY2Sd/black#88,
yqJCH,rn2r1k1/1ppbqppp/3p1n2/p1bPp3/2P5/P1NBP3/1PQB1PPP/R3K1NR w KQ - 12 12,g1e2 e5e4 d3e4 f6e4 c2e4 e7e4 c3e4 e8e4,1374,75,90,1126,crushing middlegame veryLong,https://lichess.org/NANEsG07#23,Englund_Gambit_Complex_Declined Englund_Gambit_Complex_Declined_Other_variations
yred8,2rq2k1/5pp1/p2p3B/1p1b4/4r3/PP4QP/6P1/1R3R1K b - - 1 27,d8h4 g3g7,874,78,97,542,master mate mateIn1 middlegame oneMove,https://lichess.org/jC4KOq7y/black#54,
ysu0s,r2q1r1k/ppp4p/6p1/2NBn3/4P3/7b/PPP1N2P/R1B1Q1KR w - - 1 20,e2f4 e5f3 g1f2 f3e1,950,77,97,1441,advantage fork middlegame pin short,https://lichess.org/QLdDg53r#39,
yukBy,4r1r1/2p3pk/p2p1p2/P3pP1P/2P5/1RP1bP2/4K3/1N5R b - - 0 28,e8b8 b3b8 g8b8 e2e3,1341,76,94,813,advantage endgame short,https://lichess.org/RXgcgCTn/black#56,
z4Q59,r2r3k/5Bpn/1q3b1p/1p2NP2/p2Rb3/5NQP/6P1/3R2K1 b - - 2 36,d8d4 e5g6,1116,76,96,3722,mate mateIn1 middlegame oneMove,https://lichess.org/JTRfnbRX/black#72,
zBGmq,7k/1pp3pp/3n2p1/pP6/P4nKP/4b3/QB3r1R/R7 b - - 5 36,f2h2 b2g7 h8g7 a2h2,1155,76,97,6622,crushing discoveredAttack middlegame short,https://lichess.org/XtxTaAEG/black#72,
zG28P,2r5/k1p2Qp1/p3N3/q3p2p/4P1n1/4P3/6PP/1R4K1 b - - 8 30,a5a2 b1b7 a7a8 e6c7 a8b7 f7a2,1606,77,93,1547,advantage discoveredAttack endgame long,https://lichess.org/1tD8JDxY/black#60,
zGyJh,r1qr2k1/1b2bppp/pnp1p3/1p1nP1N1/1P1P4/P3B2P/2Q1NPP1/3R1RK1 b - - 2 17,h7h6 c2h7 g8f8 h7h8,845,88,100,516,kingsideAttack mate mateIn2 middlegame short,https://lichess.org/jXcmWq8w/black#34,Scandinavian_Defense Scandinavian_Defense_Other_variations
zNpam,8/8/8/3kP1p1/3B1p1p/p1P2P1P/1b4P1/1K6 w - - 6 45,c3c4 d5d4 e5e6 d4c4 b1a2 b2f6,2285,76,94,845,bishopEndgame crushing defensiveMove endgame hangingPiece long,https://lichess.org/ReGCBP9v#89,
zNqiV,6k1/6p1/4P1Qp/3pq2P/1Bb3P1/5PK1/8/8 w - - 1 64,g3h3 c4f1 h3h4 e5h2,962,76,99,540,endgame mate mateIn2 short,https://lichess.org/HO5pBOyw#127,
zR3lQ,1r5k/3Q2p1/5p1p/4q3/R7/6PP/6PK/8 b - - 0 42,b8b3 d7c8 h8h7 c8c2,1963,76,96,3264,crushing endgame short,https://lichess.org/yA3avVp0/black#84,
zT3tP,2R1rk1r/4bpp1/Q7/5B2/P3P3/5KPp/1q3P1P/8 b - - 4 36,e7d8 a6d6 f8g8 c8d8,991,77,91,740,advantage middlegame short,https://lichess.org/2xPTgrfi/black#72,
zVmvT,5rk1/p1p3pp/1p3q2/4np2/2P5/Q5P1/PP2PPKP/R4R2 w - - 1 20,a3a7 f6c6 f2f3 f8a8 a7a8 c6a8,1910,75,91,1325,crushing endgame long trappedPiece,https://lichess.org/Q6AIposv#39,
zbiBK,r2qr3/3nppkp/p1p2np1/1p1pN3/2PP2bP/2N1P3/PP1QBPP1/2KR3R b - - 1 13,d7e5 d4e5 f6e4 c3e4,1355,81,93,1222,advantage middlegame short,https://lichess.org/smRNAsk2/black#26,Grunfeld_Defense Grunfeld_Defense_Three_Knights_Variation
zekff,1q4k1/5pp1/p1P2n1p/5P2/1r6/1N1Pp2P/1PQ3P1/5RK1 b - - 0 33,b4b3 c6c7 b8c8 c2b3,989,79,97,4910,advancedPawn advantage endgame short,https://lichess.org/SeQpYrnx/black#66,
zhtJn,r7/1p1bnQ2/pq1kp2p/3pN1p1/3P4/PpP5/1P4PP/2R4K b - - 2 27,b6b5 c3c4 d5c4 e5c4 b5c4 c1c4,1499,75,92,4175,advantage long middlegame,https://lichess.org/ClaWC9JO/black#54,
zjFaW,4r1k1/R5pp/Pq3p2/2p5/3p4/3P3P/1P4P1/2Q4K w - - 2 32,c1c4 g8h8 h1g1 b6a7,1824,75,91,1966,crushing defensiveMove endgame short,https://lichess.org/l9xkvXik#63,
zv3KZ,2k5/pp3p1p/8/5q1p/5r2/1PQ5/PBP5/2K5 b - - 1 33,c8b8 c3e5 f5e5 b2e5 b8c8 e5f4,2066,77,93,7040,advantage endgame fork long,https://lichess.org/KXkXSOfE/black#66,
zyP07,8/1kr5/7p/3P4/p3P3/1p4N1/3P1PPP/1R4K1 w - - 0 32,d5d6 c7c2 g1f1 b3b2 f1e2 a4a3,2301,78,93,2565,advancedPawn advantage endgame long,https://lichess.org/I0IK8bO4#63,
